id,_ptype,_ltype,price,kabkoId,bedRooms,bathRooms,landSize,buildingSize,garages,sold
173227884378.0,apartment,sale,912097842.0,618.0,1.0,1.0,0.0,,0.0,no
127777463780.0,house,rent,30845821.0,,5.0,5.0,150.0,174.0,0.0,no
164220287458.0,apartment,sale,980648411.0,608.0,3.0,2.0,0.0,51.0,0.0,
98467676607.0,apartment,sale,240332726.0,618.0,,1.0,0.0,16.0,0.0,no
35033459969.0,,sale,1200991870.0,618.0,3.0,2.0,136.0,93.0,0.0,no
120383910275.0,house,sale,2160444316.0,608.0,3.0,3.0,96.0,108.0,0.0,no
12065097733408.0,house,,880479327.0,608.0,3.0,2.0,55.0,97.0,0.0,no
7053384303270.0,house,sale,710863266.0,608.0,3.0,2.0,42.0,42.0,0.0,no
155697007340.0,apartment,sale,7911828735.0,608.0,,4.0,0.0,212.0,,no
88860378493.0,apartment,sale,176134326.0,618.0,1.0,1.0,0.0,18.0,0.0,
19721027822.0,apartment,sale,1200591248.0,608.0,,1.0,0.0,31.0,0.0,no
55487058559.0,house,sale,2320777510.0,618.0,4.0,3.0,153.0,221.0,1.0,
87644186761.0,house,rent,36427847.0,618.0,3.0,2.0,61.0,71.0,0.0,no
8139043118560.0,house,sale,1680233810.0,618.0,3.0,3.0,90.0,75.0,0.0,no
,apartment,sale,1377546953.0,608.0,3.0,2.0,0.0,78.0,0.0,no
68210513202.0,house,sale,3600645178.0,618.0,3.0,3.0,236.0,255.0,1.0,yes
16132885088855.0,,sale,496269198.0,608.0,3.0,2.0,71.0,59.0,0.0,no
149651351972.0,house,sale,362077602.0,618.0,2.0,1.0,51.0,40.0,,no
93786981077.0,house,sale,720150780.0,618.0,2.0,1.0,56.0,38.0,0.0,no
145143856450.0,house,sale,540254996.0,,3.0,2.0,53.0,45.0,0.0,no
34609120033.0,house,sale,1040461217.0,618.0,4.0,2.0,112.0,97.0,1.0,no
128362938675.0,apartment,sale,280333503.0,618.0,1.0,1.0,0.0,20.0,,no
98184639410.0,house,sale,472582995.0,618.0,3.0,2.0,51.0,42.0,0.0,no
105598542982.0,house,sale,1120735524.0,618.0,2.0,1.0,126.0,52.0,0.0,no
97292383106.0,house,sale,559556812.0,618.0,3.0,2.0,42.0,38.0,2.0,
168586955824.0,house,sale,2240286998.0,618.0,3.0,3.0,,110.0,0.0,no
113572068521.0,house,,634587121.0,608.0,2.0,2.0,34.0,,0.0,
28345215490.0,house,sale,753467157.0,608.0,2.0,2.0,39.0,34.0,0.0,yes
37993853606.0,house,,1200631508.0,618.0,3.0,2.0,101.0,102.0,0.0,
26142614974.0,house,sale,960732852.0,608.0,3.0,2.0,54.0,56.0,0.0,no
136306437979.0,house,sale,2000244178.0,618.0,3.0,3.0,121.0,135.0,0.0,yes
91355840276.0,house,sale,916949731.0,608.0,3.0,3.0,68.0,69.0,0.0,yes
49175815969.0,house,sale,1080865900.0,608.0,2.0,2.0,49.0,52.0,0.0,yes
49779708859.0,apartment,sale,,608.0,1.0,1.0,0.0,24.0,0.0,no
23337919052.0,house,sale,12595461278.0,608.0,4.0,7.0,336.0,348.0,2.0,no
50456266412.0,apartment,sale,1298063814.0,618.0,2.0,2.0,0.0,58.0,0.0,no
94565827445.0,house,sale,,608.0,2.0,2.0,45.0,35.0,0.0,no
41389803235.0,house,sale,1960333414.0,618.0,3.0,2.0,108.0,93.0,0.0,
172564636758.0,house,sale,1440569134.0,,2.0,3.0,89.0,83.0,,yes
171115060177.0,house,sale,480746263.0,618.0,3.0,2.0,,42.0,0.0,no
77081961403.0,apartment,sale,301387313.0,608.0,1.0,1.0,0.0,20.0,0.0,no
,,rent,28309639.0,618.0,1.0,1.0,0.0,21.0,0.0,no
103160023559.0,house,sale,3427413569.0,618.0,4.0,3.0,165.0,121.0,0.0,no
11495776575974.0,house,sale,442899136.0,618.0,2.0,1.0,51.0,24.0,0.0,yes
17581223111750.0,house,sale,1360760463.0,,4.0,3.0,86.0,107.0,0.0,no
174419541385.0,house,sale,1440481676.0,618.0,3.0,2.0,108.0,52.0,0.0,no
56796945933.0,apartment,sale,1617045907.0,618.0,4.0,2.0,0.0,63.0,0.0,no
142034243436.0,house,sale,678283215.0,618.0,4.0,2.0,66.0,134.0,0.0,yes
9547284729243.0,house,sale,560909741.0,618.0,0.0,0.0,61.0,42.0,0.0,no
,apartment,sale,987000928.0,618.0,1.0,1.0,0.0,36.0,0.0,no
107367414684.0,house,sale,1280378732.0,618.0,3.0,3.0,76.0,93.0,0.0,no
170405862620.0,apartment,sale,2910654349.0,608.0,3.0,,0.0,85.0,0.0,yes
91838210273.0,house,sale,1440568198.0,618.0,3.0,2.0,108.0,122.0,0.0,no
62953510231.0,house,sale,3014668509.0,618.0,3.0,2.0,122.0,153.0,0.0,
74031310528.0,house,sale,1200765901.0,618.0,3.0,2.0,46.0,72.0,1.0,yes
,house,sale,1840325634.0,608.0,4.0,3.0,,85.0,0.0,no
81718630054.0,house,,3378302987.0,608.0,4.0,3.0,180.0,150.0,1.0,yes
25773034315.0,house,sale,1680277421.0,,3.0,,89.0,89.0,0.0,
137298533861.0,house,sale,1840159435.0,618.0,3.0,3.0,150.0,112.0,1.0,no
134269384822.0,apartment,sale,1954266833.0,608.0,3.0,2.0,0.0,83.0,0.0,
80146716005.0,house,sale,400628572.0,618.0,3.0,2.0,37.0,33.0,0.0,
56563149142.0,house,rent,30475206.0,618.0,5.0,5.0,170.0,174.0,0.0,no
102997730702.0,house,sale,680736203.0,618.0,2.0,1.0,63.0,42.0,0.0,no
39704342638.0,house,sale,1800783151.0,608.0,3.0,2.0,89.0,,0.0,no
124611767684.0,house,sale,3579008157.0,608.0,3.0,2.0,127.0,164.0,1.0,yes
102390026752.0,apartment,sale,2331592905.0,618.0,3.0,2.0,0.0,111.0,0.0,no
98391260713.0,house,sale,4400977430.0,608.0,3.0,3.0,187.0,238.0,0.0,yes
83631503771.0,house,sale,1892002569.0,608.0,3.0,,72.0,98.0,0.0,no
134851498348.0,house,sale,1600592206.0,618.0,5.0,3.0,81.0,117.0,0.0,no
12544526940555.0,house,sale,12000833650.0,608.0,5.0,5.0,336.0,395.0,4.0,no
2349406691740.0,house,sale,1080800175.0,618.0,3.0,2.0,,,0.0,no
116465083803.0,house,sale,4400548653.0,618.0,4.0,3.0,255.0,246.0,0.0,no
100831947664.0,house,sale,1520577776.0,618.0,3.0,3.0,135.0,106.0,0.0,no
147792216196.0,house,sale,488881472.0,618.0,2.0,2.0,45.0,76.0,0.0,no
111421382679.0,,sale,1920976938.0,618.0,2.0,1.0,219.0,51.0,0.0,no
67525408163.0,house,sale,1560665463.0,618.0,3.0,3.0,97.0,112.0,0.0,no
,house,sale,3600812611.0,618.0,3.0,2.0,439.0,216.0,0.0,no
103847880509.0,house,sale,3665366556.0,608.0,4.0,4.0,173.0,197.0,,
2086552074082.0,,rent,36436209.0,608.0,1.0,1.0,0.0,27.0,0.0,no
23005956258.0,house,sale,,618.0,2.0,1.0,67.0,59.0,0.0,no
140136662720.0,house,sale,480173656.0,618.0,3.0,2.0,51.0,42.0,0.0,no
128576562088.0,house,sale,2800829384.0,608.0,4.0,3.0,187.0,123.0,1.0,no
76599809306.0,,sale,480493928.0,,3.0,2.0,51.0,37.0,0.0,no
13609279375799.0,house,sale,1440564323.0,618.0,3.0,2.0,170.0,127.0,1.0,
4004752680087.0,house,sale,368655149.0,608.0,2.0,1.0,69.0,37.0,0.0,
135931708968.0,house,rent,52315668.0,618.0,5.0,5.0,170.0,153.0,0.0,no
113227596551.0,house,sale,1360845299.0,608.0,,3.0,63.0,89.0,0.0,no
39345557015.0,house,sale,880395692.0,618.0,2.0,2.0,51.0,58.0,0.0,yes
123810372591.0,house,sale,460934193.0,618.0,3.0,1.0,63.0,42.0,0.0,yes
13332009308231.0,house,sale,1120933402.0,618.0,2.0,2.0,91.0,58.0,0.0,no
155410062107.0,house,sale,6400392994.0,618.0,5.0,5.0,357.0,375.0,0.0,no
5958918983887.0,house,sale,760139821.0,608.0,2.0,1.0,0.0,75.0,1.0,no
49532965348.0,house,sale,3918913571.0,608.0,3.0,3.0,121.0,135.0,1.0,no
151390457337.0,house,sale,480407564.0,618.0,3.0,2.0,51.0,37.0,0.0,no
64532563430.0,house,,1600862849.0,618.0,4.0,4.0,104.0,112.0,0.0,no
38240378465.0,house,sale,3600459695.0,618.0,4.0,3.0,225.0,323.0,1.0,
130077779991.0,house,sale,1000194632.0,608.0,2.0,1.0,51.0,48.0,0.0,
20156536295.0,house,sale,376336925.0,618.0,2.0,1.0,45.0,37.0,1.0,no
169529247816.0,house,sale,480874145.0,618.0,3.0,2.0,47.0,51.0,,no
,house,sale,672907959.0,608.0,3.0,2.0,,60.0,0.0,yes
88923369151.0,house,,1600417482.0,618.0,2.0,2.0,150.0,170.0,0.0,no
144275213143.0,house,sale,7200738409.0,618.0,5.0,4.0,363.0,455.0,2.0,no
79813910150.0,apartment,sale,488312590.0,618.0,1.0,1.0,0.0,25.0,0.0,
34515908234.0,house,,3600100441.0,608.0,3.0,2.0,212.0,340.0,0.0,yes
57260883557.0,,sale,440947128.0,618.0,2.0,1.0,0.0,30.0,0.0,no
175091680590.0,house,sale,1200232260.0,608.0,3.0,2.0,,60.0,0.0,
171486594093.0,house,rent,52467857.0,618.0,5.0,5.0,150.0,153.0,0.0,yes
110702089951.0,apartment,sale,1173090501.0,618.0,3.0,1.0,0.0,,0.0,no
158156783847.0,house,sale,1680224874.0,618.0,3.0,3.0,92.0,127.0,,no
132859973381.0,house,sale,,618.0,3.0,3.0,60.0,204.0,0.0,yes
169528546018.0,house,sale,760509873.0,608.0,3.0,2.0,115.0,85.0,0.0,no
137669151415.0,house,sale,560322083.0,618.0,3.0,2.0,59.0,37.0,0.0,no
18617297482.0,house,sale,7188843909.0,608.0,4.0,4.0,327.0,214.0,1.0,no
152171989295.0,house,sale,1280626532.0,618.0,2.0,1.0,102.0,55.0,1.0,
88435792698.0,house,sale,630963349.0,618.0,3.0,2.0,51.0,42.0,1.0,no
84615028710.0,house,sale,,608.0,3.0,3.0,153.0,208.0,2.0,no
11566631054246.0,house,sale,560621310.0,608.0,,2.0,45.0,48.0,,yes
110689015643.0,apartment,sale,600828599.0,618.0,1.0,1.0,0.0,27.0,0.0,no
157915811877.0,house,sale,4080760249.0,618.0,5.0,4.0,351.0,412.0,2.0,no
104433956112.0,house,sale,1320378253.0,618.0,3.0,2.0,137.0,112.0,0.0,yes
11385062201015.0,house,sale,1000204539.0,618.0,2.0,1.0,90.0,68.0,0.0,no
156909899636.0,house,rent,30706529.0,618.0,5.0,5.0,170.0,174.0,0.0,no
101643975282.0,house,sale,520771425.0,608.0,2.0,1.0,54.0,71.0,0.0,yes
107877709120.0,house,sale,960459143.0,618.0,3.0,2.0,107.0,,0.0,
,house,sale,,608.0,3.0,2.0,63.0,58.0,2.0,no
175861119586.0,house,sale,1760141635.0,618.0,3.0,3.0,127.0,150.0,0.0,no
103405090102.0,house,sale,1920533791.0,618.0,2.0,2.0,121.0,187.0,0.0,no
130525269291.0,house,sale,476845769.0,618.0,3.0,2.0,45.0,37.0,0.0,no
68077168909.0,house,rent,48425812.0,618.0,5.0,5.0,150.0,150.0,0.0,no
143753316686.0,,sale,980999500.0,608.0,3.0,2.0,0.0,4600.0,0.0,no
143449057634.0,apartment,sale,1600460055.0,608.0,,1.0,0.0,56.0,0.0,no
34160667244.0,house,sale,760922099.0,618.0,3.0,2.0,85.0,68.0,0.0,no
101227715906.0,house,sale,415888936.0,618.0,3.0,2.0,37.0,36.0,0.0,yes
36248506546.0,house,sale,4500435578.0,618.0,4.0,4.0,150.0,168.0,1.0,no
42075751698.0,apartment,rent,28532451.0,618.0,2.0,1.0,0.0,32.0,0.0,yes
77804929954.0,house,,8400897358.0,608.0,4.0,4.0,382.0,232.0,2.0,no
9362341785792.0,house,sale,1600276878.0,608.0,3.0,3.0,122.0,90.0,0.0,no
136730783783.0,house,sale,6000374930.0,618.0,,5.0,402.0,312.0,2.0,yes
39412976780.0,apartment,sale,728534871.0,618.0,,1.0,,3483.0,0.0,yes
122925734734.0,house,sale,760699114.0,618.0,3.0,2.0,76.0,67.0,0.0,no
126940329480.0,house,sale,2280531595.0,618.0,3.0,2.0,120.0,85.0,0.0,no
13198690886586.0,house,sale,1200712844.0,608.0,1.0,2.0,67.0,45.0,0.0,
125646514045.0,house,sale,2509533824.0,608.0,,3.0,167.0,93.0,0.0,no
,house,sale,1600861689.0,608.0,3.0,2.0,84.0,69.0,0.0,no
,house,sale,476362230.0,618.0,3.0,3.0,45.0,42.0,0.0,no
120559623238.0,apartment,sale,2850514014.0,608.0,3.0,2.0,0.0,7537.0,0.0,no
168747691051.0,house,rent,44947697.0,618.0,3.0,2.0,136.0,170.0,0.0,
56841426946.0,house,sale,4960222462.0,618.0,4.0,4.0,329.0,190.0,2.0,
40895944060.0,house,rent,52808487.0,618.0,5.0,5.0,170.0,174.0,0.0,no
31744051061.0,house,sale,480795677.0,618.0,3.0,2.0,53.0,45.0,1.0,no
39938031133.0,,sale,2080617231.0,618.0,,3.0,126.0,161.0,0.0,no
97883483781.0,house,sale,5327875015.0,618.0,4.0,4.0,194.0,170.0,1.0,yes
42859310632.0,house,sale,1560901826.0,608.0,3.0,2.0,84.0,67.0,0.0,no
152410990233.0,house,sale,3600535040.0,608.0,3.0,2.0,212.0,340.0,0.0,yes
152855706812.0,house,sale,2520616373.0,618.0,4.0,3.0,134.0,165.0,0.0,yes
105182535356.0,house,rent,30505727.0,,5.0,5.0,170.0,174.0,0.0,no
131070569042.0,house,sale,3495464758.0,608.0,4.0,4.0,127.0,142.0,1.0,
97469390192.0,house,sale,6757595985.0,618.0,4.0,4.0,217.0,205.0,1.0,
20417548852.0,house,sale,1760662084.0,608.0,3.0,3.0,72.0,86.0,0.0,no
143465940966.0,house,sale,2040224455.0,618.0,,,132.0,74.0,0.0,no
122747770515.0,house,sale,620310022.0,618.0,2.0,1.0,54.0,51.0,0.0,no
166349275249.0,house,sale,1240516958.0,618.0,,3.0,95.0,140.0,0.0,no
122020457805.0,apartment,sale,1528933069.0,608.0,1.0,1.0,0.0,51.0,0.0,no
73814247612.0,house,sale,3920893332.0,618.0,,3.0,280.0,307.0,0.0,
22040742886.0,house,sale,524443754.0,,3.0,2.0,51.0,47.0,0.0,no
70134321572.0,house,sale,1520628370.0,608.0,3.0,2.0,78.0,74.0,1.0,
83082960656.0,house,sale,1080150730.0,618.0,3.0,2.0,102.0,68.0,0.0,no
79973307181.0,house,sale,580125103.0,608.0,2.0,1.0,76.0,67.0,0.0,
131626146786.0,house,sale,14800573009.0,618.0,5.0,,478.0,632.0,2.0,no
149349102386.0,house,sale,1680331553.0,618.0,3.0,3.0,92.0,127.0,0.0,no
103632462072.0,house,sale,544229284.0,618.0,3.0,2.0,52.0,37.0,0.0,no
139581116245.0,apartment,sale,572338994.0,608.0,2.0,1.0,0.0,30.0,0.0,no
32328063389.0,house,sale,5200575116.0,618.0,9.0,4.0,375.0,,2.0,no
34347792378.0,house,sale,1760841518.0,618.0,3.0,3.0,92.0,119.0,0.0,no
50185539151.0,house,sale,480166034.0,618.0,1.0,1.0,85.0,85.0,0.0,yes
134317088214.0,house,rent,51330167.0,618.0,3.0,3.0,135.0,127.0,0.0,no
118887107333.0,house,sale,3120169628.0,618.0,,4.0,212.0,150.0,1.0,no
100322151626.0,house,sale,1200460738.0,618.0,3.0,1.0,114.0,75.0,0.0,no
157182787006.0,house,sale,400890602.0,618.0,3.0,2.0,51.0,42.0,0.0,no
95284830820.0,house,sale,480617335.0,618.0,3.0,2.0,45.0,42.0,0.0,
13010364561799.0,house,sale,12000408902.0,618.0,5.0,7.0,547.0,600.0,4.0,yes
150607075516.0,house,sale,284666733.0,618.0,2.0,1.0,45.0,34.0,1.0,no
168887134511.0,house,sale,1000766604.0,618.0,2.0,1.0,90.0,40.0,0.0,no
,house,sale,320289729.0,618.0,2.0,1.0,51.0,31.0,,
74968470439.0,house,sale,492329010.0,618.0,2.0,1.0,51.0,30.0,1.0,no
38119347101.0,house,sale,2240603605.0,618.0,3.0,3.0,215.0,854.0,0.0,no
35012914832.0,house,sale,479936154.0,,3.0,,51.0,45.0,0.0,
163623623750.0,house,sale,400689004.0,618.0,3.0,2.0,45.0,33.0,,no
153092582115.0,house,sale,864385792.0,618.0,2.0,2.0,67.0,54.0,0.0,no
63853207090.0,house,sale,7120674395.0,618.0,5.0,3.0,322.0,375.0,0.0,no
149443401664.0,house,sale,1360904561.0,618.0,2.0,3.0,122.0,170.0,1.0,no
81794015486.0,apartment,sale,785064941.0,618.0,1.0,,0.0,30.0,0.0,no
89259088981.0,house,sale,480586759.0,618.0,3.0,2.0,,37.0,1.0,no
25250816396.0,apartment,sale,373703588.0,608.0,1.0,1.0,0.0,23.0,0.0,yes
95851810591.0,house,sale,1600381689.0,608.0,3.0,2.0,,57.0,0.0,no
139842715272.0,house,sale,960570055.0,618.0,4.0,3.0,56.0,56.0,0.0,no
42492196592.0,house,sale,480555543.0,,3.0,2.0,45.0,42.0,0.0,no
145330755936.0,house,sale,1280141343.0,608.0,3.0,2.0,84.0,90.0,0.0,no
96266143973.0,house,sale,7200642862.0,618.0,5.0,5.0,508.0,187.0,0.0,no
5738050951332.0,apartment,rent,4558100.0,618.0,1.0,1.0,0.0,22.0,0.0,
32327115974.0,house,sale,2000138566.0,618.0,3.0,3.0,171.0,93.0,0.0,
33168646845.0,apartment,sale,911758502.0,618.0,1.0,1.0,0.0,,0.0,no
80690175103.0,apartment,rent,27600131.0,618.0,3.0,2.0,0.0,136.0,0.0,no
28873180716.0,apartment,sale,,618.0,2.0,1.0,0.0,39.0,0.0,no
10847096149692.0,house,sale,5040690454.0,618.0,4.0,4.0,202.0,260.0,3.0,
124038298293.0,house,sale,1034634446.0,618.0,2.0,2.0,63.0,54.0,0.0,no
121150534768.0,house,,396852775.0,618.0,2.0,1.0,85.0,42.0,1.0,no
39117834300.0,house,sale,508941015.0,,3.0,2.0,45.0,45.0,0.0,no
34066086660.0,house,sale,476123624.0,618.0,3.0,2.0,45.0,,0.0,no
70426054654.0,house,sale,1200948328.0,618.0,3.0,2.0,65.0,147.0,1.0,yes
49382150878.0,house,sale,4200342085.0,618.0,4.0,4.0,157.0,212.0,0.0,no
79376993383.0,,sale,1560747930.0,608.0,3.0,2.0,,66.0,0.0,yes
123395135725.0,house,sale,288990286.0,,2.0,1.0,51.0,45.0,1.0,no
128825170922.0,house,sale,1920567054.0,618.0,3.0,3.0,114.0,82.0,1.0,yes
115026551749.0,house,sale,336491311.0,608.0,3.0,1.0,61.0,45.0,,yes
148792053253.0,house,sale,1560864640.0,618.0,4.0,3.0,78.0,82.0,0.0,no
146105395038.0,house,rent,20554065.0,,,2.0,68.0,45.0,0.0,no
174126119863.0,,rent,24597363.0,618.0,0.0,1.0,0.0,22.0,0.0,no
79979288850.0,house,sale,6960117018.0,618.0,5.0,4.0,281.0,324.0,2.0,no
68936459411.0,house,sale,7600199009.0,618.0,4.0,4.0,416.0,340.0,0.0,no
,house,sale,6000128005.0,618.0,4.0,4.0,349.0,273.0,4.0,no
142779005126.0,house,sale,6757413660.0,608.0,4.0,4.0,246.0,181.0,1.0,no
72957690535.0,house,sale,,618.0,3.0,2.0,45.0,37.0,0.0,no
157973086452.0,house,,1584140040.0,608.0,3.0,3.0,90.0,83.0,0.0,no
64556793706.0,apartment,sale,720343356.0,618.0,,1.0,0.0,23.0,0.0,no
34708772210.0,house,sale,2200634472.0,618.0,3.0,2.0,121.0,93.0,0.0,
53914221714.0,house,sale,960271192.0,608.0,3.0,2.0,61.0,56.0,0.0,no
,house,sale,1040266760.0,618.0,,2.0,,75.0,0.0,
63244824621.0,house,sale,2240331627.0,618.0,3.0,2.0,170.0,187.0,0.0,no
31319816501.0,house,sale,1840198644.0,618.0,3.0,3.0,187.0,127.0,0.0,no
56071654906.0,apartment,sale,829889547.0,618.0,2.0,1.0,0.0,37.0,0.0,
26970805926.0,apartment,sale,1240261085.0,618.0,2.0,2.0,0.0,51.0,0.0,no
61366435011.0,house,sale,2800341330.0,608.0,4.0,4.0,142.0,240.0,2.0,no
93863217161.0,house,sale,1000674042.0,618.0,3.0,2.0,90.0,76.0,0.0,no
65761810755.0,house,sale,1600248260.0,618.0,3.0,2.0,130.0,138.0,0.0,no
43049457199.0,house,sale,1160813889.0,618.0,3.0,3.0,83.0,80.0,0.0,no
29033614787.0,house,sale,1080873868.0,618.0,2.0,1.0,89.0,55.0,0.0,no
68484820898.0,apartment,sale,419459974.0,608.0,1.0,1.0,0.0,15.0,0.0,no
91615247807.0,house,sale,400711036.0,618.0,3.0,2.0,37.0,38.0,0.0,no
134347624903.0,house,sale,1680316631.0,618.0,4.0,3.0,101.0,202.0,0.0,no
171804171069.0,house,sale,1200549683.0,608.0,3.0,2.0,57.0,52.0,0.0,no
96580506021.0,house,sale,3536975647.0,618.0,3.0,3.0,121.0,153.0,1.0,no
100764544791.0,house,sale,2400396670.0,618.0,3.0,3.0,159.0,103.0,,no
82658283970.0,house,,740412310.0,618.0,2.0,1.0,72.0,42.0,0.0,no
43196169402.0,house,sale,1200182798.0,608.0,2.0,2.0,47.0,51.0,0.0,yes
70463212660.0,house,sale,400470229.0,,3.0,2.0,42.0,38.0,0.0,no
105615463709.0,house,,2560313105.0,618.0,4.0,3.0,,170.0,1.0,yes
108534297484.0,apartment,sale,1680559197.0,618.0,2.0,2.0,,92.0,0.0,
130031481900.0,,sale,1200754046.0,618.0,2.0,1.0,112.0,57.0,0.0,no
146095294581.0,house,sale,880642306.0,618.0,2.0,2.0,36.0,45.0,1.0,no
108659613676.0,house,sale,710256531.0,618.0,4.0,3.0,90.0,107.0,0.0,
11864407152575.0,house,,1080492277.0,618.0,2.0,1.0,97.0,46.0,0.0,
27608786412.0,house,sale,,618.0,,2.0,51.0,,0.0,no
57901600721.0,house,sale,1560254846.0,618.0,4.0,3.0,90.0,135.0,0.0,no
65078712590.0,house,sale,1800924506.0,618.0,3.0,3.0,136.0,90.0,0.0,no
65961704452.0,house,sale,1040744753.0,618.0,3.0,2.0,87.0,59.0,0.0,no
83579647164.0,house,sale,3040872001.0,,4.0,4.0,135.0,221.0,0.0,no
24189436660.0,house,rent,21385109.0,618.0,2.0,1.0,76.0,51.0,0.0,no
11064310898042.0,house,sale,1080947012.0,618.0,4.0,3.0,153.0,127.0,0.0,yes
59986175971.0,house,sale,476347029.0,618.0,3.0,2.0,45.0,37.0,0.0,no
14744835478654.0,house,sale,7440931178.0,618.0,5.0,6.0,403.0,569.0,0.0,no
20666739656.0,apartment,sale,1240294101.0,,2.0,2.0,,51.0,0.0,no
172713287172.0,house,rent,52688177.0,618.0,5.0,5.0,170.0,153.0,0.0,no
9389865540915.0,house,sale,488361160.0,618.0,3.0,2.0,45.0,37.0,1.0,no
82443032558.0,house,rent,30711385.0,618.0,5.0,5.0,150.0,153.0,0.0,no
153312626429.0,apartment,sale,720613027.0,618.0,1.0,1.0,0.0,33.0,0.0,no
141207898727.0,apartment,sale,682245181.0,,1.0,1.0,0.0,31.0,0.0,no
81192578718.0,house,sale,,618.0,4.0,4.0,408.0,330.0,0.0,
139631179588.0,house,sale,2240497486.0,618.0,3.0,3.0,135.0,120.0,0.0,no
47281821673.0,house,sale,2720882644.0,608.0,4.0,3.0,153.0,195.0,1.0,no
52022305175.0,house,sale,12000639804.0,618.0,5.0,5.0,416.0,637.0,0.0,
65479516650.0,house,sale,240881695.0,608.0,2.0,1.0,51.0,27.0,0.0,no
100396643033.0,house,sale,284968623.0,618.0,2.0,1.0,,45.0,1.0,no
66426187297.0,house,,592623459.0,618.0,2.0,2.0,54.0,54.0,0.0,no
76741851108.0,apartment,,514803307.0,608.0,1.0,1.0,0.0,20.0,0.0,no
160594763972.0,apartment,sale,340834922.0,618.0,1.0,1.0,0.0,20.0,0.0,yes
122686667690.0,house,sale,1200298976.0,618.0,,2.0,101.0,82.0,0.0,no
23389723018.0,house,sale,5440832345.0,618.0,,4.0,187.0,476.0,2.0,no
39191717802.0,house,sale,720136098.0,618.0,2.0,1.0,102.0,67.0,0.0,yes
74648083490.0,house,sale,1920136149.0,,3.0,,,136.0,0.0,no
43583216196.0,house,sale,1480515031.0,618.0,2.0,1.0,135.0,,0.0,no
20725700849.0,house,sale,624747372.0,618.0,2.0,1.0,61.0,42.0,0.0,no
74574038552.0,house,sale,1280196346.0,618.0,2.0,2.0,105.0,52.0,1.0,no
171007908879.0,,sale,1000693751.0,618.0,3.0,2.0,61.0,56.0,0.0,no
102295472549.0,house,,1984425026.0,618.0,3.0,2.0,122.0,105.0,0.0,yes
68045293860.0,apartment,sale,176153094.0,618.0,1.0,1.0,0.0,16.0,0.0,no
166238966952.0,house,sale,426676896.0,608.0,2.0,1.0,68.0,42.0,0.0,no
62852937414.0,house,sale,680379017.0,618.0,2.0,1.0,67.0,45.0,0.0,yes
39874580564.0,house,sale,6664900633.0,608.0,4.0,4.0,187.0,252.0,1.0,yes
139348185803.0,house,sale,,608.0,4.0,3.0,95.0,112.0,0.0,yes
166973159512.0,house,sale,3440730099.0,618.0,4.0,5.0,170.0,246.0,0.0,no
97516495458.0,house,rent,52556727.0,618.0,5.0,5.0,170.0,174.0,,no
93612199468.0,house,sale,5200880623.0,618.0,4.0,,255.0,340.0,0.0,yes
106607063616.0,house,sale,480686676.0,618.0,3.0,2.0,51.0,37.0,0.0,no
117669026145.0,house,sale,552166042.0,,3.0,2.0,45.0,42.0,0.0,no
124843890727.0,house,rent,60163949.0,618.0,5.0,5.0,150.0,153.0,0.0,no
95788802465.0,,rent,40641416.0,618.0,,2.0,95.0,67.0,0.0,no
163946725667.0,house,sale,6560754430.0,618.0,4.0,4.0,225.0,300.0,2.0,yes
38819447236.0,house,sale,700372249.0,618.0,2.0,1.0,39.0,127.0,0.0,no
167789395931.0,house,sale,2642215640.0,608.0,4.0,4.0,101.0,117.0,,no
2446181423411.0,house,sale,1200988133.0,618.0,4.0,3.0,99.0,109.0,0.0,
5638349772131.0,house,sale,536785404.0,618.0,2.0,1.0,45.0,45.0,0.0,no
60285540734.0,house,rent,30301881.0,618.0,5.0,5.0,150.0,174.0,0.0,no
149700346887.0,house,sale,,618.0,3.0,2.0,51.0,42.0,2.0,no
103923473106.0,house,rent,48976920.0,618.0,,5.0,,150.0,0.0,no
60633837859.0,house,sale,1120789684.0,618.0,3.0,2.0,150.0,112.0,1.0,no
82236463700.0,apartment,sale,880832483.0,618.0,2.0,1.0,0.0,34.0,0.0,no
148982872713.0,,sale,308213687.0,608.0,2.0,2.0,51.0,31.0,0.0,yes
54070662535.0,house,sale,579107730.0,618.0,2.0,1.0,81.0,27.0,0.0,no
124398475320.0,house,sale,15600285060.0,618.0,6.0,7.0,,600.0,4.0,no
13325879090939.0,house,sale,767355980.0,618.0,2.0,2.0,36.0,49.0,0.0,no
96611477007.0,house,sale,21453879651.0,608.0,5.0,5.0,565.0,,2.0,no
11922189266512.0,house,sale,680910370.0,608.0,2.0,1.0,64.0,37.0,0.0,no
113265083235.0,apartment,rent,3048666.0,618.0,0.0,1.0,0.0,22.0,0.0,no
83823011194.0,house,sale,720456332.0,608.0,2.0,,85.0,27.0,0.0,no
19439858246.0,apartment,sale,1840842525.0,618.0,2.0,2.0,0.0,75.0,0.0,no
33399158761.0,house,sale,480121092.0,618.0,3.0,2.0,45.0,37.0,0.0,no
156264270708.0,house,sale,7800605132.0,608.0,4.0,4.0,248.0,242.0,,yes
100046371590.0,house,rent,30691672.0,618.0,5.0,5.0,170.0,153.0,0.0,no
154213617334.0,house,rent,30207068.0,618.0,5.0,,170.0,153.0,0.0,yes
173878774386.0,house,sale,668525450.0,618.0,2.0,1.0,,42.0,0.0,no
175791790806.0,house,,1040526268.0,618.0,5.0,2.0,,127.0,0.0,
91192533662.0,house,sale,524827927.0,618.0,3.0,2.0,45.0,42.0,1.0,no
104165791292.0,apartment,sale,1167390011.0,618.0,2.0,1.0,0.0,39.0,0.0,no
73324894496.0,house,sale,492123510.0,618.0,2.0,1.0,51.0,27.0,1.0,no
2213726833008.0,house,sale,792211302.0,,3.0,2.0,67.0,56.0,0.0,yes
160870754974.0,house,sale,3059945009.0,608.0,3.0,2.0,130.0,122.0,1.0,no
92134128699.0,house,sale,1000357280.0,618.0,2.0,1.0,73.0,45.0,0.0,no
62986683455.0,house,sale,2080293073.0,618.0,3.0,3.0,108.0,105.0,0.0,yes
160813377097.0,house,sale,479564737.0,618.0,3.0,2.0,,39.0,0.0,
131809323461.0,house,sale,6400554134.0,618.0,4.0,4.0,320.0,585.0,1.0,no
,house,sale,520898147.0,618.0,3.0,2.0,51.0,38.0,0.0,no
54690183866.0,apartment,sale,1440722203.0,618.0,2.0,1.0,0.0,49.0,0.0,no
163582002287.0,house,sale,6358217256.0,618.0,4.0,5.0,214.0,187.0,1.0,
29805012918.0,house,sale,3120999187.0,618.0,3.0,3.0,225.0,165.0,0.0,no
170762013962.0,house,rent,52910982.0,618.0,5.0,5.0,170.0,174.0,0.0,
41184609990.0,house,sale,480684654.0,618.0,3.0,2.0,45.0,38.0,0.0,no
175976897683.0,house,sale,1040260914.0,618.0,2.0,,67.0,54.0,0.0,no
8718841756630.0,house,sale,169128733.0,618.0,2.0,,49.0,31.0,0.0,yes
148221362364.0,,sale,,618.0,2.0,1.0,38.0,47.0,0.0,no
132297618950.0,house,sale,2000860375.0,618.0,3.0,2.0,178.0,127.0,0.0,no
22795877676.0,house,sale,2480456810.0,608.0,3.0,,96.0,122.0,0.0,no
143241744774.0,house,,800168545.0,618.0,3.0,,51.0,,0.0,no
111852421534.0,house,sale,7215352038.0,608.0,4.0,4.0,212.0,181.0,1.0,no
31345263941.0,house,sale,660711487.0,618.0,2.0,2.0,,41.0,0.0,no
100718129215.0,house,sale,4400581544.0,618.0,5.0,5.0,122.0,235.0,0.0,no
126094561040.0,house,sale,,618.0,3.0,2.0,45.0,42.0,1.0,
173521005305.0,house,,5359200263.0,608.0,4.0,5.0,135.0,238.0,1.0,
123384997815.0,house,sale,1200878957.0,618.0,2.0,2.0,34.0,37.0,0.0,no
41045958900.0,house,rent,36873417.0,608.0,3.0,,101.0,69.0,0.0,
112294382822.0,house,rent,80101010.0,608.0,3.0,3.0,108.0,119.0,0.0,
75488766600.0,house,sale,480731257.0,618.0,3.0,2.0,51.0,47.0,1.0,no
70069490684.0,house,sale,2160869825.0,618.0,3.0,3.0,150.0,135.0,1.0,no
18735993062.0,house,sale,2640797172.0,618.0,3.0,3.0,136.0,246.0,0.0,
93428860907.0,house,sale,3120338910.0,618.0,4.0,3.0,212.0,165.0,1.0,yes
56431885684.0,house,sale,2480360583.0,608.0,,3.0,121.0,187.0,0.0,no
8697466310552.0,apartment,sale,3120399049.0,618.0,2.0,1.0,0.0,,0.0,no
166096236202.0,house,sale,3600807655.0,618.0,4.0,4.0,204.0,204.0,0.0,yes
109946825930.0,house,sale,2880229037.0,618.0,4.0,4.0,162.0,221.0,,no
159540924408.0,house,sale,336570648.0,618.0,2.0,1.0,36.0,22.0,0.0,
52134920617.0,house,sale,680641996.0,618.0,2.0,1.0,61.0,30.0,0.0,no
,house,rent,34736149.0,608.0,3.0,3.0,108.0,76.0,0.0,no
53515140843.0,apartment,sale,440698412.0,618.0,1.0,1.0,0.0,23.0,0.0,
113948154505.0,house,sale,1496257501.0,618.0,3.0,3.0,110.0,170.0,0.0,no
145464522000.0,house,sale,,618.0,2.0,2.0,60.0,55.0,0.0,
15832799832457.0,house,sale,1698077145.0,618.0,4.0,3.0,119.0,80.0,0.0,no
17010176398568.0,house,sale,2880156177.0,618.0,4.0,,200.0,212.0,1.0,no
96380279019.0,house,sale,520778663.0,608.0,2.0,1.0,24.0,30.0,0.0,yes
70595792973.0,apartment,sale,1961666371.0,608.0,2.0,1.0,0.0,57.0,0.0,
64611799768.0,house,sale,1320427023.0,618.0,,2.0,84.0,137.0,1.0,no
11324613071916.0,house,sale,744621662.0,618.0,3.0,2.0,49.0,39.0,1.0,no
69308112694.0,house,sale,319997805.0,618.0,2.0,1.0,33.0,51.0,1.0,
30857453701.0,house,sale,8000352657.0,618.0,4.0,4.0,533.0,340.0,2.0,no
53073411482.0,house,sale,,,3.0,3.0,97.0,75.0,0.0,no
175673838560.0,house,sale,1462966099.0,608.0,3.0,2.0,114.0,56.0,0.0,
106587015348.0,apartment,sale,688562088.0,618.0,2.0,,0.0,38.0,0.0,
,house,sale,4920393145.0,618.0,4.0,3.0,,178.0,2.0,
115006871166.0,house,sale,3520896328.0,618.0,4.0,4.0,223.0,263.0,0.0,no
111588894646.0,house,sale,1600116775.0,618.0,3.0,2.0,76.0,144.0,0.0,no
61421936859.0,house,sale,1920767694.0,618.0,3.0,,153.0,127.0,0.0,no
18817852142.0,house,sale,,618.0,3.0,2.0,45.0,37.0,0.0,no
72562197911.0,house,sale,1680591420.0,618.0,3.0,3.0,115.0,112.0,0.0,no
10022594210125.0,apartment,sale,680442097.0,618.0,2.0,1.0,0.0,35.0,0.0,
92295134759.0,house,sale,1668089783.0,608.0,3.0,,107.0,65.0,0.0,no
40228061877.0,house,,3361202301.0,608.0,5.0,5.0,120.0,150.0,1.0,
7317567227564.0,house,sale,1400359392.0,618.0,2.0,2.0,107.0,67.0,0.0,no
101005716425.0,apartment,sale,681435581.0,618.0,1.0,1.0,0.0,31.0,0.0,yes
163788171089.0,house,sale,779807966.0,618.0,2.0,2.0,30.0,50.0,1.0,no
132306797624.0,house,sale,408573317.0,618.0,2.0,1.0,,30.0,1.0,no
84353915354.0,house,sale,296786942.0,608.0,2.0,,40.0,41.0,0.0,no
78724156118.0,house,rent,52778814.0,618.0,5.0,5.0,170.0,153.0,0.0,no
66707362268.0,apartment,sale,2141023331.0,608.0,2.0,2.0,0.0,68.0,0.0,no
165132673106.0,house,sale,4800774767.0,618.0,3.0,3.0,216.0,170.0,0.0,no
43888321352.0,,sale,780524593.0,618.0,3.0,,61.0,56.0,0.0,no
71927787703.0,house,,4800287508.0,618.0,6.0,6.0,321.0,412.0,1.0,no
87955731285.0,house,sale,4542010936.0,608.0,4.0,4.0,162.0,,0.0,no
164958832614.0,house,sale,634842270.0,618.0,2.0,2.0,30.0,39.0,0.0,no
71072672632.0,house,sale,640146328.0,618.0,7.0,3.0,58.0,105.0,0.0,no
39536516700.0,house,rent,,618.0,5.0,5.0,,174.0,0.0,no
21592627877.0,house,sale,400339040.0,618.0,3.0,2.0,42.0,33.0,,no
95948208730.0,apartment,sale,1440556359.0,608.0,2.0,1.0,0.0,,0.0,no
155382492522.0,house,sale,5800941415.0,618.0,,5.0,337.0,361.0,2.0,yes
46492569800.0,house,sale,396945362.0,608.0,,1.0,71.0,33.0,0.0,no
153234053786.0,,sale,2300949120.0,608.0,3.0,2.0,102.0,150.0,0.0,no
52061941326.0,house,sale,264457896.0,618.0,2.0,1.0,37.0,24.0,2.0,yes
37290563497.0,,sale,9200864371.0,618.0,4.0,4.0,225.0,552.0,2.0,
167031877161.0,house,,3640438428.0,608.0,4.0,3.0,180.0,187.0,0.0,no
72474770956.0,house,rent,48480165.0,618.0,5.0,5.0,150.0,170.0,0.0,no
107342603640.0,house,sale,480517187.0,618.0,3.0,2.0,47.0,51.0,1.0,no
169925352245.0,house,sale,2144229407.0,608.0,4.0,3.0,138.0,98.0,0.0,no
148691320767.0,house,sale,1140936516.0,618.0,7.0,,,114.0,0.0,no
93618646739.0,house,sale,1600789088.0,618.0,4.0,4.0,104.0,127.0,0.0,no
29997531146.0,house,sale,7200886647.0,618.0,5.0,4.0,413.0,206.0,0.0,no
169857369380.0,house,rent,52916246.0,618.0,5.0,5.0,150.0,153.0,0.0,no
166462238563.0,house,sale,2640667094.0,618.0,1.0,1.0,168.0,97.0,0.0,no
163121122925.0,house,sale,1840452275.0,608.0,3.0,3.0,108.0,187.0,0.0,no
133100283960.0,apartment,sale,500117402.0,618.0,1.0,1.0,0.0,15.0,0.0,no
144564450044.0,house,sale,2000897638.0,608.0,3.0,3.0,108.0,105.0,0.0,no
70652570108.0,house,sale,2624093036.0,,4.0,3.0,121.0,164.0,1.0,yes
10477302893585.0,house,sale,740590353.0,618.0,4.0,1.0,89.0,102.0,0.0,no
59152467715.0,apartment,sale,928959754.0,608.0,1.0,1.0,,35.0,0.0,no
72117182763.0,house,sale,200901645.0,608.0,1.0,1.0,45.0,34.0,0.0,no
92304211955.0,apartment,sale,1658099606.0,618.0,4.0,2.0,0.0,63.0,0.0,no
6035403811293.0,house,sale,169748310.0,618.0,2.0,1.0,56.0,27.0,0.0,yes
133455327737.0,house,rent,30631885.0,618.0,5.0,5.0,170.0,153.0,0.0,no
84278668087.0,,sale,2560631684.0,618.0,3.0,3.0,153.0,,0.0,no
147577923316.0,house,sale,644117335.0,608.0,2.0,1.0,27.0,30.0,0.0,no
144096029439.0,house,sale,1760858761.0,618.0,4.0,3.0,153.0,127.0,0.0,no
172541441468.0,house,sale,1400709903.0,618.0,4.0,3.0,122.0,135.0,,yes
108286046847.0,house,sale,960715431.0,618.0,3.0,2.0,61.0,108.0,0.0,
140276271271.0,house,sale,10938529753.0,608.0,4.0,3.0,513.0,,,no
148747994041.0,house,sale,2093438305.0,618.0,3.0,3.0,136.0,11.0,0.0,no
84473259880.0,house,sale,2000440991.0,608.0,,3.0,90.0,85.0,0.0,no
60096858354.0,,sale,1480555331.0,618.0,5.0,2.0,132.0,157.0,1.0,no
94450828161.0,house,rent,48421031.0,618.0,4.0,2.0,96.0,127.0,0.0,no
46533130731.0,house,sale,880140114.0,608.0,2.0,2.0,51.0,63.0,0.0,no
102715683215.0,house,sale,1080857564.0,618.0,3.0,3.0,61.0,80.0,1.0,no
15788146121336.0,house,sale,1000397385.0,618.0,2.0,1.0,81.0,68.0,0.0,yes
138951294761.0,house,,2760368182.0,608.0,3.0,3.0,,130.0,0.0,no
44258340763.0,house,sale,11367034903.0,608.0,5.0,5.0,297.0,395.0,2.0,no
72236998617.0,house,sale,1760830846.0,618.0,3.0,2.0,112.0,90.0,,
65788764280.0,apartment,rent,3266308.0,608.0,1.0,1.0,0.0,22.0,0.0,no
122566364022.0,house,rent,30308547.0,618.0,5.0,5.0,170.0,153.0,0.0,no
95870210725.0,apartment,sale,1065085066.0,608.0,1.0,1.0,0.0,37.0,0.0,no
72172272117.0,house,sale,479911410.0,608.0,3.0,2.0,61.0,44.0,0.0,no
142365152548.0,,sale,897122712.0,608.0,2.0,,45.0,45.0,0.0,
6981751423356.0,house,sale,620135633.0,608.0,2.0,1.0,71.0,33.0,0.0,yes
12489613786570.0,apartment,sale,360612469.0,618.0,2.0,1.0,0.0,24.0,0.0,no
,apartment,rent,4003301.0,618.0,0.0,1.0,0.0,20.0,0.0,no
57444783242.0,house,sale,1360808533.0,618.0,3.0,2.0,63.0,127.0,0.0,yes
7761352488172.0,house,sale,,608.0,2.0,1.0,95.0,38.0,0.0,no
,house,sale,572504563.0,,3.0,2.0,,,1.0,
,house,sale,1507042297.0,618.0,3.0,2.0,90.0,65.0,0.0,yes
114880336328.0,house,sale,4263178815.0,608.0,4.0,4.0,180.0,133.0,0.0,no
,house,sale,400172583.0,618.0,3.0,2.0,37.0,38.0,0.0,no
127651600778.0,house,sale,5760748699.0,618.0,5.0,4.0,315.0,595.0,2.0,no
170600838602.0,house,sale,1560409130.0,618.0,6.0,2.0,77.0,154.0,0.0,no
100306769486.0,apartment,sale,760978194.0,618.0,1.0,1.0,0.0,23.0,0.0,no
112833728251.0,house,sale,2000321092.0,608.0,3.0,2.0,105.0,81.0,0.0,no
49493730487.0,house,sale,800196528.0,618.0,3.0,2.0,51.0,52.0,2.0,yes
100876987674.0,house,sale,5600675821.0,618.0,5.0,,403.0,450.0,4.0,yes
106711568727.0,house,sale,560946246.0,608.0,2.0,1.0,85.0,33.0,0.0,no
153504904309.0,apartment,sale,439413611.0,618.0,1.0,1.0,0.0,22.0,0.0,
107133177197.0,house,sale,2384279398.0,618.0,3.0,4.0,150.0,314.0,3.0,no
64503722380.0,house,sale,240986959.0,608.0,2.0,1.0,51.0,30.0,0.0,no
138264669005.0,house,sale,524313008.0,618.0,3.0,2.0,45.0,51.0,0.0,no
159035002968.0,house,sale,476550259.0,618.0,,2.0,51.0,42.0,0.0,no
,house,sale,,608.0,4.0,7.0,481.0,408.0,2.0,no
62637502489.0,house,rent,120945594.0,618.0,3.0,3.0,,150.0,0.0,
7898349380474.0,house,sale,1040954688.0,608.0,3.0,2.0,107.0,58.0,0.0,no
137151363894.0,house,sale,668182331.0,618.0,3.0,1.0,54.0,51.0,0.0,no
13610002751896.0,house,rent,32431542.0,618.0,4.0,3.0,122.0,132.0,1.0,no
147061320584.0,house,sale,560829524.0,618.0,2.0,1.0,61.0,33.0,0.0,no
90834296332.0,apartment,sale,278220865.0,618.0,1.0,1.0,0.0,1943.0,0.0,no
30430703446.0,house,sale,680648217.0,618.0,2.0,1.0,76.0,,0.0,
55712863609.0,house,sale,476983365.0,618.0,3.0,2.0,51.0,42.0,0.0,yes
17848096939.0,house,sale,1234264900.0,608.0,2.0,3.0,51.0,74.0,,
1993373337446.0,house,sale,409639125.0,618.0,1.0,1.0,76.0,22.0,0.0,
85565440714.0,house,sale,745216170.0,,3.0,2.0,60.0,60.0,1.0,no
78562609388.0,,,1120907908.0,618.0,3.0,2.0,90.0,84.0,0.0,yes
145164433192.0,house,sale,824258757.0,608.0,3.0,2.0,53.0,58.0,0.0,no
81674636695.0,house,sale,792434743.0,618.0,3.0,1.0,80.0,48.0,1.0,no
170886887951.0,house,sale,8400552762.0,608.0,4.0,4.0,382.0,232.0,2.0,yes
86885654813.0,house,sale,1061191878.0,608.0,3.0,2.0,45.0,50.0,0.0,no
98644643672.0,house,rent,52238687.0,618.0,5.0,5.0,170.0,174.0,0.0,yes
139153111549.0,apartment,sale,1440925977.0,618.0,2.0,1.0,0.0,,0.0,yes
164911133079.0,house,sale,527326993.0,618.0,3.0,2.0,45.0,42.0,0.0,no
12294107334421.0,house,sale,440259555.0,608.0,0.0,0.0,27.0,54.0,0.0,no
145043710054.0,house,sale,3510290593.0,608.0,3.0,,144.0,144.0,1.0,no
114910230064.0,apartment,sale,329359771.0,618.0,1.0,1.0,0.0,22.0,0.0,no
36329448713.0,house,sale,1760316300.0,608.0,3.0,3.0,96.0,78.0,,no
162581593691.0,house,sale,4480144719.0,618.0,2.0,,284.0,204.0,0.0,yes
98483658679.0,house,sale,1760811310.0,608.0,3.0,3.0,122.0,,,no
11364007813694.0,house,sale,880279043.0,618.0,2.0,1.0,95.0,63.0,0.0,no
127549384492.0,house,sale,3600740851.0,618.0,4.0,4.0,108.0,212.0,1.0,no
103187430354.0,house,sale,976161740.0,,3.0,2.0,71.0,,0.0,no
125827680227.0,house,sale,680846256.0,618.0,2.0,1.0,54.0,,0.0,no
65815608760.0,house,sale,1080364501.0,618.0,4.0,3.0,90.0,150.0,0.0,no
161014592074.0,house,sale,800825793.0,618.0,,1.0,102.0,67.0,1.0,yes
115748280421.0,apartment,sale,440113608.0,618.0,1.0,1.0,0.0,22.0,0.0,yes
88232843877.0,house,sale,476701862.0,618.0,3.0,2.0,45.0,42.0,0.0,
44421632315.0,house,rent,30879994.0,618.0,5.0,5.0,170.0,174.0,,no
132226951837.0,house,sale,2560739171.0,608.0,4.0,3.0,114.0,122.0,1.0,no
84254213381.0,house,sale,480162437.0,618.0,3.0,2.0,52.0,,2.0,yes
127983059516.0,apartment,sale,1120315105.0,608.0,2.0,1.0,0.0,56.0,0.0,no
142224377995.0,house,sale,472434408.0,618.0,3.0,2.0,45.0,37.0,0.0,
15032910151721.0,house,sale,,618.0,4.0,2.0,157.0,56.0,1.0,
11667895549072.0,house,sale,520772968.0,618.0,3.0,,45.0,37.0,2.0,no
112676125981.0,house,sale,272180694.0,618.0,,1.0,63.0,16.0,0.0,no
157108289158.0,apartment,sale,560419304.0,618.0,1.0,1.0,0.0,29.0,0.0,no
42020779788.0,apartment,sale,920963505.0,618.0,1.0,1.0,0.0,24.0,0.0,no
47604468575.0,house,sale,760531405.0,618.0,3.0,2.0,85.0,63.0,0.0,no
25520421533.0,house,sale,23702122879.0,608.0,4.0,7.0,755.0,463.0,2.0,no
164175554406.0,house,sale,476565338.0,618.0,3.0,2.0,45.0,37.0,0.0,
12397629299419.0,house,sale,760210022.0,608.0,2.0,2.0,30.0,45.0,,yes
23122766302.0,apartment,sale,285519.0,618.0,,-1.0,0.0,,0.0,yes
125185170492.0,apartment,sale,696144950.0,618.0,1.0,1.0,0.0,31.0,0.0,yes
107470168666.0,,sale,740465509.0,618.0,3.0,1.0,61.0,60.0,,yes
76025078926.0,apartment,sale,1793378252.0,618.0,4.0,2.0,0.0,63.0,0.0,no
175923360853.0,house,sale,1520784093.0,618.0,3.0,2.0,148.0,,1.0,no
121876270009.0,house,sale,2000587378.0,618.0,4.0,2.0,120.0,90.0,0.0,
44970281953.0,house,rent,56170785.0,618.0,3.0,2.0,221.0,86.0,0.0,no
65249977584.0,apartment,sale,260660399.0,618.0,1.0,1.0,0.0,1582.0,0.0,no
56938410899.0,house,rent,80595855.0,608.0,5.0,3.0,261.0,152.0,0.0,yes
29960522954.0,house,rent,1753393.0,618.0,2.0,1.0,42.0,34.0,0.0,no
158566410758.0,house,sale,828249058.0,608.0,2.0,2.0,47.0,57.0,0.0,
11706987121556.0,house,sale,1280925476.0,,3.0,2.0,49.0,64.0,0.0,yes
18344623622.0,apartment,sale,1265779663.0,618.0,2.0,2.0,0.0,51.0,0.0,no
77816159979.0,house,sale,2320130765.0,608.0,4.0,4.0,122.0,149.0,1.0,no
5273844648039.0,house,sale,1280544804.0,618.0,2.0,2.0,127.0,120.0,0.0,
75783196174.0,house,,799214458.0,618.0,2.0,2.0,34.0,44.0,1.0,no
114598554793.0,house,,476975509.0,618.0,3.0,2.0,51.0,37.0,0.0,
113917264159.0,house,rent,52412016.0,,5.0,5.0,170.0,,0.0,no
54792298230.0,house,sale,5040506940.0,618.0,5.0,6.0,327.0,262.0,0.0,yes
41957437929.0,house,sale,1200652797.0,,3.0,2.0,101.0,93.0,0.0,
99531312951.0,house,sale,2320394385.0,618.0,4.0,3.0,183.0,262.0,0.0,no
74658561071.0,house,sale,3440812353.0,618.0,3.0,2.0,387.0,210.0,2.0,
32549992054.0,apartment,rent,58433126.0,608.0,1.0,1.0,0.0,35.0,0.0,no
148987098549.0,house,sale,6560672031.0,618.0,4.0,4.0,318.0,324.0,2.0,no
,,sale,,,1.0,1.0,51.0,17.0,1.0,yes
13387183590977.0,house,sale,500692380.0,618.0,2.0,1.0,76.0,51.0,,no
5242020979809.0,house,,,618.0,4.0,3.0,63.0,58.0,1.0,no
136986024123.0,house,sale,6806475279.0,608.0,4.0,4.0,165.0,252.0,1.0,
,house,sale,480269694.0,618.0,3.0,2.0,51.0,37.0,0.0,no
93087647337.0,apartment,sale,240359869.0,618.0,1.0,,0.0,18.0,,yes
88090565163.0,house,sale,4331154995.0,608.0,4.0,4.0,153.0,210.0,1.0,yes
125669451378.0,house,sale,5360766918.0,618.0,4.0,3.0,289.0,204.0,1.0,no
,house,sale,868172187.0,618.0,3.0,,55.0,69.0,0.0,no
24946917750.0,house,sale,400497265.0,608.0,2.0,1.0,300.0,60.0,0.0,no
103557804621.0,,sale,399318761.0,618.0,3.0,2.0,38.0,42.0,0.0,
44444398970.0,house,sale,1009592203.0,608.0,2.0,2.0,61.0,51.0,0.0,no
37867855156.0,house,sale,3920963690.0,608.0,4.0,4.0,255.0,233.0,1.0,no
172938344855.0,house,sale,472477785.0,608.0,3.0,2.0,46.0,42.0,1.0,
16421009965903.0,house,sale,1040338120.0,618.0,3.0,2.0,61.0,53.0,0.0,no
105509529034.0,house,sale,520188620.0,,3.0,2.0,38.0,45.0,0.0,no
61035134918.0,,,1200546475.0,618.0,2.0,2.0,72.0,82.0,0.0,no
82725379417.0,,sale,,618.0,3.0,,45.0,47.0,0.0,no
111634994000.0,apartment,,278136504.0,618.0,1.0,1.0,0.0,16.0,0.0,no
48903401925.0,house,sale,1240139755.0,618.0,1.0,1.0,168.0,,0.0,yes
165432378546.0,house,sale,2580667897.0,,4.0,3.0,122.0,141.0,0.0,yes
119831036998.0,house,sale,1600848897.0,608.0,3.0,3.0,68.0,110.0,0.0,no
165992137182.0,house,sale,880824749.0,608.0,2.0,1.0,47.0,63.0,0.0,no
111342623711.0,house,sale,520795320.0,608.0,3.0,2.0,45.0,33.0,0.0,no
101976280648.0,house,sale,680517941.0,608.0,2.0,1.0,63.0,37.0,0.0,yes
13821353960806.0,house,sale,820983045.0,618.0,2.0,2.0,73.0,85.0,0.0,no
66077723907.0,house,sale,480549599.0,618.0,3.0,2.0,45.0,37.0,0.0,
82129332588.0,apartment,sale,452469482.0,608.0,1.0,1.0,0.0,24.0,0.0,no
159986793773.0,house,sale,1200237645.0,618.0,4.0,4.0,90.0,89.0,0.0,no
59673666603.0,house,sale,800400798.0,618.0,3.0,2.0,78.0,54.0,0.0,no
7258135879890.0,house,sale,304928655.0,608.0,2.0,1.0,45.0,34.0,0.0,no
117540638205.0,house,sale,1760491811.0,,3.0,3.0,104.0,119.0,0.0,no
5236061329933.0,house,rent,36587074.0,618.0,3.0,2.0,102.0,76.0,0.0,no
151887527426.0,house,sale,400661852.0,618.0,3.0,2.0,42.0,33.0,0.0,no
52956569824.0,house,sale,2960259340.0,618.0,4.0,3.0,135.0,,0.0,no
165762727691.0,house,sale,2250234982.0,608.0,3.0,3.0,102.0,98.0,0.0,
61309212802.0,apartment,sale,1167465253.0,618.0,2.0,1.0,0.0,39.0,0.0,no
123215214941.0,house,sale,2160462808.0,608.0,3.0,3.0,120.0,110.0,0.0,no
62728629739.0,house,rent,52289821.0,618.0,5.0,5.0,170.0,153.0,0.0,yes
124881879991.0,house,sale,400389951.0,618.0,3.0,2.0,37.0,38.0,0.0,yes
77330562950.0,house,sale,396252578.0,608.0,2.0,1.0,,33.0,0.0,yes
146931936103.0,house,sale,1160234155.0,618.0,3.0,3.0,76.0,90.0,0.0,yes
108750364637.0,house,sale,5132123355.0,608.0,4.0,3.0,338.0,168.0,1.0,no
58862677906.0,house,sale,1520112977.0,618.0,3.0,3.0,95.0,136.0,0.0,no
160712109234.0,house,sale,4800953581.0,618.0,4.0,4.0,247.0,300.0,2.0,no
12911540423581.0,house,sale,2480121664.0,618.0,3.0,3.0,144.0,212.0,2.0,no
112853059382.0,house,sale,1920824209.0,,3.0,2.0,101.0,101.0,0.0,no
166122285459.0,house,sale,3091561232.0,608.0,4.0,4.0,115.0,124.0,0.0,no
111615040131.0,house,sale,573810319.0,618.0,2.0,2.0,51.0,48.0,0.0,no
161223837629.0,apartment,sale,,618.0,1.0,1.0,0.0,16.0,0.0,no
62620698226.0,house,sale,4120287525.0,608.0,5.0,5.0,187.0,172.0,0.0,no
37996860418.0,house,rent,,618.0,4.0,3.0,136.0,108.0,0.0,no
30262277273.0,house,sale,647463736.0,618.0,2.0,2.0,27.0,34.0,1.0,no
40562771055.0,house,sale,1160332885.0,608.0,3.0,2.0,54.0,75.0,0.0,yes
159861341192.0,house,sale,1516601931.0,618.0,3.0,2.0,102.0,85.0,0.0,
84227983374.0,house,sale,2020642664.0,608.0,3.0,,84.0,99.0,1.0,yes
80666885035.0,house,,240115908.0,608.0,2.0,1.0,51.0,30.0,0.0,no
,house,sale,1520355714.0,618.0,3.0,3.0,135.0,106.0,0.0,no
116540193215.0,,sale,8000409848.0,,4.0,,252.0,310.0,2.0,no
47851050170.0,house,sale,1160476575.0,618.0,4.0,2.0,102.0,75.0,0.0,no
149602596766.0,house,sale,2000112547.0,618.0,,,187.0,187.0,0.0,no
12684548225179.0,house,sale,800639118.0,618.0,2.0,1.0,101.0,85.0,0.0,no
76405649718.0,house,sale,10240152784.0,618.0,5.0,3.0,416.0,562.0,0.0,no
95321685111.0,house,sale,,608.0,4.0,3.0,130.0,147.0,1.0,yes
,house,sale,560642954.0,618.0,,2.0,93.0,75.0,0.0,no
7068548498644.0,house,sale,450831599.0,608.0,2.0,1.0,71.0,42.0,0.0,no
130908030067.0,house,rent,56685156.0,618.0,3.0,2.0,122.0,72.0,0.0,yes
88409590706.0,house,rent,48634884.0,618.0,5.0,5.0,170.0,150.0,0.0,no
3578758046228.0,house,sale,1872471673.0,608.0,3.0,3.0,102.0,93.0,0.0,yes
,house,sale,4912214205.0,608.0,4.0,4.0,187.0,191.0,1.0,no
160550288192.0,house,rent,52707015.0,618.0,5.0,5.0,150.0,174.0,0.0,no
41642449777.0,house,rent,30800135.0,618.0,5.0,5.0,170.0,174.0,0.0,
59585843894.0,house,sale,3300729839.0,608.0,4.0,3.0,191.0,,1.0,no
113006845922.0,house,sale,1480130047.0,618.0,2.0,2.0,89.0,76.0,0.0,yes
12138030509156.0,house,sale,960902522.0,618.0,3.0,2.0,150.0,76.0,0.0,no
140272915676.0,house,sale,839840906.0,618.0,2.0,1.0,38.0,42.0,0.0,no
144897917858.0,house,rent,48397786.0,618.0,4.0,2.0,96.0,112.0,0.0,no
109472225572.0,house,sale,,618.0,3.0,,147.0,127.0,2.0,
45864825367.0,house,sale,2065075838.0,618.0,,,120.0,99.0,0.0,yes
68850236940.0,house,sale,480801418.0,618.0,3.0,2.0,47.0,51.0,1.0,no
80321845737.0,house,sale,1340813780.0,608.0,3.0,2.0,65.0,62.0,0.0,
50949325461.0,,sale,520226227.0,608.0,2.0,1.0,54.0,33.0,0.0,
99608794410.0,house,sale,1120432876.0,608.0,3.0,2.0,66.0,57.0,0.0,no
72471965677.0,house,sale,1200756512.0,618.0,3.0,2.0,90.0,85.0,0.0,no
94908076201.0,house,rent,52186488.0,618.0,5.0,5.0,,174.0,0.0,no
45222133497.0,house,sale,960794427.0,618.0,3.0,2.0,75.0,,1.0,no
158180455477.0,apartment,sale,1575315016.0,608.0,1.0,1.0,0.0,51.0,0.0,no
94457387163.0,house,sale,,618.0,3.0,3.0,104.0,127.0,0.0,no
20774393386.0,house,sale,6806039348.0,608.0,4.0,4.0,187.0,286.0,1.0,yes
107718183274.0,house,sale,840275890.0,618.0,3.0,3.0,61.0,51.0,0.0,yes
62625838428.0,house,sale,1200695881.0,608.0,3.0,3.0,81.0,67.0,0.0,
100443430275.0,house,sale,1400626405.0,608.0,3.0,2.0,54.0,56.0,0.0,no
77164243094.0,house,rent,30673030.0,618.0,5.0,5.0,170.0,153.0,0.0,no
67507843440.0,house,sale,1000696462.0,618.0,3.0,3.0,97.0,93.0,0.0,no
123149646285.0,house,sale,3480499107.0,618.0,,3.0,180.0,212.0,0.0,yes
29305811524.0,house,sale,1020995902.0,618.0,3.0,2.0,67.0,72.0,0.0,yes
13727428433307.0,house,sale,340534241.0,608.0,2.0,2.0,57.0,45.0,0.0,yes
77067228114.0,house,sale,480905640.0,618.0,3.0,2.0,45.0,37.0,0.0,no
173954097647.0,house,sale,6162385065.0,608.0,4.0,4.0,233.0,191.0,1.0,no
60939993520.0,house,sale,634952190.0,608.0,2.0,2.0,30.0,39.0,0.0,no
102418348419.0,house,sale,3566922359.0,608.0,4.0,5.0,102.0,176.0,0.0,no
100359406910.0,house,sale,476502951.0,618.0,3.0,2.0,51.0,42.0,0.0,no
156890705951.0,house,sale,500258820.0,618.0,2.0,1.0,61.0,29.0,1.0,yes
5205308446414.0,house,sale,680227872.0,608.0,6.0,12.0,54.0,51.0,0.0,no
140086938731.0,house,sale,2200189489.0,608.0,3.0,2.0,84.0,63.0,0.0,no
36158775211.0,house,sale,400430920.0,618.0,3.0,,42.0,38.0,0.0,
31866158183.0,house,sale,216383568.0,618.0,2.0,1.0,45.0,33.0,0.0,
35691453764.0,house,sale,5913837040.0,608.0,4.0,4.0,184.0,187.0,1.0,yes
93889663525.0,house,,479377997.0,618.0,3.0,2.0,45.0,37.0,0.0,no
35670652291.0,house,sale,1360498554.0,608.0,3.0,2.0,60.0,91.0,,no
80123319285.0,house,rent,56251792.0,618.0,5.0,5.0,170.0,150.0,0.0,no
78791701187.0,house,sale,3467868922.0,608.0,4.0,4.0,127.0,142.0,1.0,no
100585717434.0,house,sale,3818276094.0,618.0,4.0,4.0,135.0,186.0,1.0,no
33370140998.0,house,sale,2000696843.0,618.0,3.0,3.0,,136.0,1.0,yes
12850772145615.0,house,sale,2200128846.0,618.0,4.0,3.0,112.0,,,
111094081238.0,house,sale,3040212608.0,618.0,3.0,2.0,150.0,112.0,0.0,yes
90532354682.0,house,rent,30883439.0,618.0,5.0,5.0,170.0,174.0,0.0,
62003859460.0,house,sale,1920134202.0,618.0,3.0,2.0,198.0,80.0,0.0,no
2715384637357.0,house,,1542542113.0,618.0,2.0,2.0,91.0,112.0,1.0,yes
128597938453.0,house,sale,1606110601.0,618.0,4.0,3.0,90.0,80.0,0.0,no
,house,sale,1099361718.0,618.0,2.0,2.0,51.0,48.0,0.0,no
69329284915.0,apartment,sale,1354579737.0,608.0,3.0,2.0,0.0,87.0,0.0,
97893569205.0,house,sale,1096716328.0,618.0,2.0,2.0,51.0,55.0,0.0,no
158954811108.0,house,sale,840979029.0,618.0,2.0,,83.0,63.0,0.0,no
45871571955.0,house,rent,30780653.0,618.0,5.0,5.0,170.0,153.0,0.0,no
157634481604.0,house,sale,480188692.0,618.0,3.0,2.0,51.0,37.0,1.0,yes
157245994567.0,house,sale,920822203.0,618.0,3.0,3.0,51.0,66.0,0.0,no
20498596964.0,house,sale,3105003663.0,618.0,4.0,3.0,136.0,144.0,0.0,no
2911978021885.0,house,sale,639347374.0,618.0,2.0,2.0,0.0,0.0,0.0,no
6363630326998.0,house,sale,496771259.0,608.0,3.0,2.0,63.0,59.0,0.0,no
107484094028.0,house,sale,1120229786.0,618.0,2.0,2.0,101.0,85.0,0.0,no
118553269335.0,house,sale,4680301629.0,618.0,4.0,5.0,289.0,336.0,2.0,no
40387474705.0,house,sale,4680108014.0,618.0,4.0,5.0,328.0,297.0,2.0,no
14836403314919.0,house,sale,1920914342.0,618.0,4.0,3.0,225.0,153.0,0.0,no
5805262946651.0,house,sale,60756936.0,618.0,5.0,5.0,150.0,,2.0,no
74901427309.0,house,sale,1040124348.0,618.0,3.0,2.0,102.0,85.0,0.0,
128814465875.0,apartment,sale,1120925027.0,608.0,1.0,1.0,0.0,34.0,0.0,no
160912659394.0,house,sale,4003441475.0,608.0,4.0,3.0,212.0,172.0,,no
157035625709.0,house,sale,637671327.0,608.0,2.0,,34.0,45.0,,no
22154240191.0,apartment,rent,52232067.0,618.0,1.0,1.0,0.0,,0.0,no
174446375653.0,house,sale,525162341.0,618.0,3.0,2.0,51.0,45.0,0.0,no
86599481008.0,,sale,480919782.0,618.0,3.0,2.0,45.0,37.0,0.0,no
129145568494.0,house,sale,1000773793.0,618.0,4.0,4.0,67.0,90.0,0.0,no
106858536681.0,house,sale,880745632.0,618.0,2.0,1.0,102.0,66.0,0.0,no
109404211558.0,apartment,sale,1617403719.0,618.0,4.0,2.0,0.0,71.0,0.0,yes
,house,sale,1000688298.0,618.0,3.0,2.0,149.0,93.0,0.0,yes
107891495295.0,,,16858159.0,618.0,1.0,1.0,0.0,17.0,0.0,no
138975076443.0,apartment,sale,1246585576.0,608.0,1.0,1.0,0.0,,0.0,no
132654493077.0,house,sale,1200751235.0,618.0,3.0,2.0,,85.0,1.0,no
41599402512.0,house,sale,524659884.0,618.0,3.0,2.0,51.0,47.0,0.0,
106830435124.0,house,sale,308799845.0,608.0,2.0,2.0,51.0,31.0,0.0,no
136086338461.0,house,sale,1200998374.0,608.0,4.0,3.0,91.0,112.0,0.0,
39685961775.0,house,sale,640160401.0,618.0,3.0,2.0,51.0,42.0,2.0,
141765121487.0,house,sale,1560333052.0,618.0,3.0,3.0,86.0,127.0,0.0,yes
53900188265.0,house,sale,1820824144.0,618.0,3.0,2.0,187.0,212.0,0.0,no
,apartment,rent,36246436.0,618.0,2.0,2.0,0.0,45.0,0.0,
136012809613.0,house,sale,1594305004.0,618.0,3.0,2.0,100.0,65.0,0.0,yes
137593751711.0,house,sale,462539780.0,608.0,,1.0,51.0,27.0,0.0,no
23002773487.0,,sale,400925763.0,618.0,3.0,2.0,37.0,,0.0,no
164362938710.0,house,sale,1760501428.0,618.0,3.0,3.0,92.0,112.0,0.0,no
12332149156938.0,house,sale,1360951857.0,618.0,3.0,2.0,58.0,49.0,0.0,no
139225174520.0,apartment,sale,3234775930.0,608.0,3.0,2.0,0.0,112.0,0.0,yes
31152467017.0,apartment,sale,1121233142.0,618.0,3.0,1.0,0.0,49.0,,no
156044756693.0,apartment,sale,2651888948.0,608.0,2.0,2.0,0.0,82.0,0.0,no
26192096400.0,house,sale,6828996333.0,608.0,4.0,4.0,165.0,252.0,1.0,no
151748292229.0,house,sale,1034542024.0,608.0,2.0,2.0,45.0,49.0,0.0,no
56939234070.0,apartment,sale,760800417.0,608.0,0.0,1.0,0.0,32.0,0.0,no
55968511675.0,house,sale,12800788418.0,618.0,4.0,5.0,483.0,487.0,4.0,yes
128853257323.0,house,sale,648765579.0,608.0,2.0,2.0,71.0,46.0,0.0,yes
99298798051.0,house,sale,4260589405.0,608.0,4.0,5.0,122.0,168.0,0.0,
19319192564.0,apartment,sale,1480616471.0,618.0,2.0,1.0,0.0,68.0,0.0,no
28775221353.0,house,sale,2160119773.0,618.0,3.0,3.0,233.0,112.0,0.0,no
2128028453798.0,house,sale,1040711555.0,618.0,3.0,3.0,71.0,54.0,0.0,no
,,sale,560506178.0,618.0,3.0,2.0,56.0,36.0,2.0,
123507509480.0,house,sale,799646312.0,618.0,,2.0,58.0,,0.0,no
27177469235.0,house,sale,488746690.0,618.0,3.0,2.0,51.0,37.0,0.0,no
165635427511.0,house,sale,559703465.0,618.0,3.0,2.0,45.0,42.0,2.0,
100397558121.0,house,rent,30758076.0,618.0,5.0,5.0,170.0,,0.0,no
123476884389.0,house,sale,1040678284.0,618.0,2.0,1.0,76.0,67.0,0.0,no
91202682070.0,house,rent,30347511.0,618.0,5.0,5.0,150.0,,,
87853279480.0,apartment,rent,,608.0,2.0,1.0,0.0,,0.0,no
109675507790.0,house,sale,400224947.0,618.0,3.0,2.0,37.0,33.0,2.0,
135734156619.0,house,sale,1040776366.0,618.0,3.0,3.0,71.0,90.0,0.0,
164735241592.0,apartment,sale,987323143.0,618.0,1.0,,0.0,40.0,0.0,no
20788503645.0,house,sale,680303023.0,618.0,2.0,1.0,61.0,33.0,0.0,
134727855486.0,house,sale,372881173.0,608.0,2.0,1.0,71.0,42.0,0.0,no
170063433659.0,house,sale,652478264.0,618.0,2.0,1.0,57.0,55.0,0.0,
147221939917.0,house,sale,3000185204.0,,3.0,2.0,135.0,132.0,2.0,no
125405313693.0,apartment,sale,1166961378.0,618.0,2.0,1.0,0.0,39.0,0.0,no
23614113893.0,house,rent,30175610.0,618.0,2.0,1.0,72.0,56.0,0.0,no
132246206403.0,house,sale,1760850706.0,618.0,3.0,3.0,93.0,85.0,0.0,no
100163490256.0,house,sale,1173464658.0,608.0,,3.0,41.0,65.0,0.0,
173014902133.0,house,sale,4634680968.0,608.0,4.0,4.0,170.0,,1.0,yes
43802310306.0,apartment,rent,76794585.0,618.0,2.0,1.0,0.0,51.0,0.0,no
55482490480.0,house,sale,1040166875.0,618.0,3.0,2.0,71.0,68.0,0.0,no
10938155757443.0,house,sale,,618.0,3.0,1.0,187.0,153.0,0.0,
130931090859.0,house,sale,246888742.0,618.0,2.0,1.0,45.0,22.0,0.0,no
108481155303.0,house,sale,3834807418.0,608.0,4.0,3.0,183.0,170.0,0.0,no
93366907344.0,house,sale,1200895332.0,618.0,3.0,1.0,122.0,90.0,0.0,yes
157065742007.0,house,rent,30675664.0,618.0,5.0,5.0,170.0,,0.0,no
7027508028358.0,house,sale,960728115.0,618.0,3.0,2.0,90.0,73.0,0.0,no
48113312622.0,house,sale,960817595.0,608.0,2.0,2.0,61.0,45.0,0.0,no
25450511798.0,apartment,sale,600686729.0,618.0,2.0,,0.0,46.0,0.0,no
71516359654.0,house,sale,524105522.0,618.0,3.0,2.0,45.0,53.0,0.0,
74700427483.0,house,sale,1000781699.0,618.0,3.0,,110.0,75.0,0.0,no
158664283167.0,house,sale,1480266678.0,618.0,3.0,3.0,90.0,161.0,0.0,yes
151449717572.0,house,sale,476922741.0,618.0,3.0,2.0,45.0,42.0,0.0,yes
81338933223.0,house,sale,1440520899.0,,2.0,2.0,65.0,102.0,0.0,no
2046880325314.0,house,sale,3760329074.0,618.0,6.0,5.0,372.0,300.0,0.0,
173151798493.0,house,sale,2560187521.0,618.0,4.0,3.0,121.0,187.0,1.0,yes
26886578372.0,house,sale,2000644008.0,618.0,3.0,2.0,127.0,150.0,0.0,no
58963415593.0,house,sale,4960346783.0,618.0,4.0,3.0,360.0,408.0,0.0,no
103031912252.0,house,sale,5560901512.0,618.0,5.0,4.0,331.0,223.0,2.0,no
2758048898122.0,apartment,sale,318834199.0,618.0,1.0,1.0,0.0,15.0,0.0,no
48159459403.0,house,rent,60761826.0,618.0,5.0,5.0,150.0,,0.0,yes
77557929250.0,house,sale,1396969633.0,618.0,3.0,,96.0,60.0,0.0,yes
132323231304.0,house,sale,600512000.0,618.0,3.0,2.0,49.0,,0.0,no
83907504500.0,house,sale,1040437430.0,618.0,3.0,3.0,71.0,102.0,0.0,yes
54961062148.0,house,sale,680306534.0,618.0,2.0,1.0,54.0,27.0,0.0,
30449377594.0,house,sale,742545801.0,618.0,2.0,1.0,76.0,45.0,0.0,yes
121169141413.0,apartment,,,618.0,2.0,1.0,0.0,39.0,0.0,no
2673078581450.0,house,sale,720301003.0,608.0,3.0,2.0,,85.0,0.0,yes
65811720444.0,house,sale,1520165687.0,618.0,2.0,,89.0,51.0,0.0,no
79233112312.0,house,rent,52104067.0,618.0,5.0,5.0,150.0,174.0,0.0,no
151584365890.0,house,sale,520481230.0,618.0,3.0,2.0,45.0,42.0,,no
136436198865.0,house,sale,1141252169.0,608.0,4.0,2.0,24.0,76.0,0.0,yes
69407951733.0,house,sale,1760924869.0,608.0,3.0,2.0,89.0,78.0,0.0,no
14932259116720.0,house,sale,639100927.0,608.0,3.0,2.0,77.0,71.0,0.0,
119385925019.0,house,sale,1600198891.0,608.0,3.0,3.0,71.0,89.0,0.0,no
49779330668.0,house,rent,60660430.0,618.0,5.0,5.0,170.0,153.0,0.0,yes
162844795829.0,,sale,976967983.0,608.0,3.0,2.0,54.0,50.0,0.0,
100419898097.0,house,sale,560453560.0,618.0,3.0,2.0,51.0,45.0,0.0,
163025538786.0,house,sale,652733663.0,618.0,3.0,2.0,54.0,59.0,0.0,no
49122833538.0,house,,2000521486.0,608.0,3.0,3.0,132.0,84.0,1.0,no
134913407985.0,house,sale,8640994050.0,608.0,4.0,4.0,252.0,306.0,0.0,yes
137202459870.0,house,sale,,618.0,2.0,1.0,90.0,64.0,,
20847186994.0,house,sale,5040570251.0,618.0,5.0,5.0,306.0,340.0,1.0,yes
83907395968.0,,rent,30468820.0,618.0,5.0,5.0,170.0,174.0,0.0,no
24086720321.0,,sale,1020896221.0,608.0,2.0,2.0,0.0,71.0,0.0,yes
32944282805.0,house,,1143150967.0,618.0,3.0,2.0,73.0,58.0,0.0,no
53320378084.0,house,sale,880543852.0,618.0,3.0,2.0,102.0,102.0,0.0,
8385149470084.0,house,sale,376842656.0,,2.0,1.0,51.0,27.0,0.0,no
51876383280.0,,sale,2200110766.0,608.0,3.0,2.0,95.0,61.0,0.0,no
113397618798.0,house,sale,3600913408.0,618.0,5.0,4.0,225.0,191.0,1.0,no
147970586248.0,house,sale,10800135207.0,618.0,4.0,3.0,725.0,370.0,,no
8130841542787.0,house,rent,23266338.0,608.0,2.0,1.0,68.0,42.0,0.0,
161873207916.0,house,rent,52832527.0,618.0,5.0,5.0,150.0,153.0,0.0,no
35801331703.0,apartment,sale,640728239.0,618.0,1.0,1.0,0.0,27.0,,no
32842416518.0,house,sale,1040664731.0,608.0,2.0,1.0,61.0,50.0,0.0,no
99321365106.0,house,sale,476929203.0,618.0,3.0,2.0,51.0,37.0,0.0,no
12225020035095.0,house,sale,576515851.0,608.0,2.0,1.0,68.0,42.0,0.0,
140027665266.0,house,sale,1600459218.0,618.0,3.0,3.0,114.0,,0.0,no
119617289836.0,house,sale,3600474880.0,618.0,3.0,2.0,187.0,340.0,0.0,
,house,sale,520417749.0,,2.0,,95.0,38.0,1.0,no
160343977953.0,house,rent,48894843.0,618.0,5.0,5.0,,170.0,,yes
52872432278.0,house,sale,7135329068.0,608.0,4.0,4.0,314.0,231.0,0.0,yes
9797560852627.0,house,sale,4800252147.0,618.0,4.0,3.0,187.0,212.0,0.0,no
122564972865.0,house,sale,1115828457.0,618.0,3.0,2.0,72.0,66.0,0.0,no
160978546157.0,apartment,sale,833600.0,618.0,,-1.0,0.0,0.0,0.0,no
51103015694.0,house,sale,,618.0,3.0,3.0,104.0,112.0,0.0,yes
129780762107.0,house,sale,1280145871.0,618.0,5.0,3.0,85.0,135.0,1.0,no
157500516442.0,house,sale,836766983.0,608.0,2.0,2.0,47.0,57.0,0.0,no
141862288983.0,,sale,4369012152.0,618.0,4.0,4.0,150.0,168.0,1.0,
116455171594.0,house,sale,1560459103.0,618.0,3.0,3.0,86.0,103.0,0.0,
137495678824.0,house,sale,6449016599.0,608.0,4.0,3.0,23514.0,228.0,0.0,
168698329569.0,house,sale,1280817441.0,618.0,4.0,3.0,101.0,170.0,0.0,no
109366771073.0,house,sale,2800109435.0,618.0,4.0,3.0,135.0,178.0,0.0,
112599855741.0,house,,52149694.0,618.0,5.0,5.0,170.0,153.0,0.0,no
147389781337.0,house,sale,1500918754.0,608.0,2.0,2.0,86.0,72.0,1.0,no
119480540691.0,apartment,sale,440553956.0,618.0,1.0,1.0,0.0,18.0,0.0,no
47807840072.0,house,sale,4431591718.0,608.0,4.0,4.0,225.0,158.0,1.0,no
56449372221.0,house,sale,4800418167.0,618.0,3.0,,244.0,170.0,0.0,no
44861164002.0,house,,30812399.0,618.0,5.0,5.0,170.0,174.0,0.0,
160491860205.0,house,sale,480645507.0,618.0,3.0,2.0,53.0,45.0,1.0,yes
127110790994.0,house,sale,1680298484.0,,5.0,2.0,76.0,108.0,0.0,no
23736907772.0,house,sale,280626318.0,618.0,2.0,1.0,37.0,28.0,1.0,no
122448976694.0,house,sale,3537063291.0,618.0,3.0,3.0,121.0,153.0,1.0,yes
42611919990.0,apartment,sale,1240744742.0,618.0,2.0,2.0,0.0,58.0,0.0,no
60411087651.0,,sale,524450124.0,618.0,3.0,2.0,51.0,37.0,1.0,no
,house,sale,4000813292.0,618.0,4.0,3.0,582.0,450.0,0.0,no
149607864869.0,house,sale,302828639.0,618.0,,1.0,71.0,30.0,1.0,yes
143757707192.0,house,sale,1020982690.0,618.0,4.0,2.0,95.0,,0.0,no
44852348001.0,house,sale,520116045.0,618.0,3.0,2.0,45.0,42.0,2.0,no
123889281954.0,apartment,sale,1791765207.0,618.0,3.0,3.0,0.0,92.0,0.0,yes
96548230182.0,apartment,sale,3443759469.0,608.0,3.0,2.0,0.0,99.0,0.0,no
58343019587.0,house,sale,2480677826.0,618.0,4.0,3.0,157.0,,0.0,no
132782401608.0,house,sale,2200720834.0,618.0,4.0,3.0,144.0,191.0,1.0,no
108575104972.0,house,sale,3600794396.0,608.0,4.0,3.0,225.0,168.0,0.0,yes
35886444296.0,house,sale,1080150761.0,618.0,3.0,2.0,90.0,67.0,0.0,no
61164141880.0,house,sale,880334965.0,618.0,2.0,1.0,151.0,27.0,0.0,no
26373003321.0,,sale,4800728098.0,618.0,5.0,6.0,,467.0,2.0,no
3267506012165.0,apartment,rent,48750046.0,618.0,1.0,1.0,0.0,34.0,0.0,
126977658126.0,house,rent,20509170.0,618.0,2.0,1.0,54.0,54.0,0.0,no
74256775442.0,house,sale,2400979546.0,608.0,3.0,3.0,101.0,128.0,1.0,no
66910047452.0,apartment,sale,400982436.0,618.0,1.0,1.0,0.0,18.0,0.0,no
47237704839.0,house,sale,840405581.0,618.0,2.0,1.0,73.0,55.0,0.0,no
150882912898.0,house,rent,30538681.0,618.0,,5.0,170.0,174.0,0.0,no
134250431259.0,house,sale,1280462601.0,618.0,2.0,2.0,95.0,76.0,0.0,no
57901925272.0,house,sale,192576080.0,608.0,2.0,1.0,,30.0,0.0,no
150050378580.0,house,sale,5760304130.0,618.0,5.0,4.0,337.0,284.0,2.0,no
114570507573.0,house,sale,800540995.0,608.0,2.0,1.0,54.0,78.0,0.0,no
62219907993.0,house,sale,2098847095.0,608.0,3.0,3.0,90.0,89.0,0.0,no
143390712259.0,house,sale,1160581024.0,608.0,2.0,1.0,78.0,68.0,0.0,no
165063499625.0,apartment,sale,987418238.0,618.0,1.0,1.0,0.0,,0.0,no
46531112190.0,house,sale,1600433756.0,608.0,,3.0,89.0,86.0,0.0,no
95651556735.0,house,sale,1640887728.0,618.0,3.0,3.0,,75.0,1.0,no
74631146382.0,apartment,sale,760380520.0,618.0,1.0,1.0,0.0,,0.0,no
92696187589.0,house,sale,1516833368.0,608.0,3.0,2.0,91.0,105.0,0.0,no
18444093592.0,house,sale,2640327585.0,608.0,3.0,3.0,111.0,128.0,1.0,
97037851263.0,house,rent,30943419.0,618.0,5.0,5.0,170.0,174.0,0.0,
75142027219.0,house,sale,615697127.0,618.0,3.0,2.0,59.0,42.0,0.0,no
112030063612.0,house,rent,48191387.0,618.0,5.0,5.0,150.0,174.0,0.0,no
28086432292.0,house,rent,30832900.0,618.0,5.0,5.0,,,0.0,no
20089981246.0,house,sale,1560119529.0,608.0,3.0,2.0,89.0,85.0,0.0,yes
151403442009.0,house,sale,2080957084.0,608.0,3.0,1.0,136.0,,0.0,
162987742545.0,house,sale,2160300326.0,618.0,3.0,3.0,153.0,170.0,0.0,no
23087714827.0,house,rent,60402554.0,608.0,4.0,3.0,204.0,112.0,0.0,yes
51822071980.0,house,sale,635178091.0,608.0,2.0,2.0,34.0,,0.0,no
132581372158.0,house,sale,1240352333.0,618.0,,3.0,96.0,,0.0,yes
16482759905064.0,house,sale,640546566.0,608.0,3.0,2.0,42.0,,0.0,no
130184293482.0,house,sale,1200326911.0,618.0,2.0,2.0,72.0,93.0,0.0,no
87376917215.0,house,rent,30836527.0,618.0,5.0,5.0,170.0,153.0,0.0,no
173195116149.0,house,sale,893433.0,618.0,,-1.0,0.0,0.0,0.0,yes
12166479856111.0,house,sale,2320525189.0,618.0,4.0,3.0,114.0,96.0,0.0,no
169895041973.0,house,rent,32670966.0,618.0,5.0,5.0,150.0,174.0,0.0,no
164875767994.0,house,,160825660.0,618.0,4.0,3.0,476.0,,1.0,no
140171274838.0,house,,2320828823.0,608.0,3.0,3.0,85.0,102.0,0.0,no
140370755334.0,house,rent,30954417.0,618.0,5.0,5.0,170.0,174.0,0.0,no
,,rent,52719343.0,618.0,5.0,5.0,170.0,174.0,0.0,no
137460893136.0,house,sale,1141371186.0,608.0,4.0,2.0,27.0,67.0,0.0,
90684602415.0,house,rent,52249232.0,618.0,5.0,5.0,170.0,174.0,0.0,
35375345888.0,house,sale,,618.0,2.0,1.0,102.0,60.0,0.0,no
5853618152498.0,house,sale,376698302.0,608.0,2.0,1.0,66.0,29.0,1.0,yes
124643408574.0,house,sale,799401348.0,618.0,3.0,2.0,51.0,45.0,0.0,no
16570067180806.0,house,sale,880857352.0,,3.0,3.0,67.0,90.0,0.0,no
173770406287.0,house,sale,8018565959.0,608.0,4.0,4.0,318.0,238.0,2.0,
129673973310.0,house,sale,,608.0,4.0,3.0,91.0,81.0,0.0,no
87436748052.0,house,sale,400409203.0,608.0,2.0,1.0,99.0,45.0,,no
122349941607.0,house,sale,1760607031.0,608.0,3.0,2.0,89.0,78.0,0.0,no
114630071860.0,apartment,sale,455303814.0,618.0,1.0,1.0,0.0,15.0,0.0,yes
38407538994.0,house,sale,5440375244.0,608.0,4.0,4.0,,476.0,0.0,yes
165571146706.0,house,sale,,618.0,4.0,3.0,122.0,102.0,0.0,yes
162595628164.0,,,1120622789.0,618.0,3.0,2.0,67.0,75.0,0.0,no
95830561685.0,house,,960914770.0,608.0,3.0,2.0,54.0,81.0,1.0,no
69932988449.0,house,sale,780508243.0,618.0,,2.0,54.0,63.0,0.0,yes
39843565735.0,house,sale,6586431610.0,608.0,4.0,4.0,165.0,286.0,1.0,no
140126718688.0,house,sale,,618.0,3.0,2.0,61.0,44.0,0.0,
92467163977.0,house,sale,837725919.0,608.0,2.0,,42.0,,0.0,no
12426221587838.0,house,sale,680622082.0,618.0,2.0,,73.0,0.0,0.0,no
,house,sale,524739076.0,618.0,3.0,2.0,45.0,53.0,0.0,no
139333523811.0,apartment,rent,29693208.0,618.0,1.0,1.0,0.0,20.0,0.0,no
134623443574.0,apartment,sale,640879464.0,608.0,1.0,1.0,0.0,28.0,0.0,no
,house,sale,480992402.0,618.0,3.0,2.0,51.0,42.0,0.0,no
146229549359.0,house,rent,1945004.0,618.0,2.0,1.0,54.0,37.0,0.0,no
88795646493.0,house,sale,1000577902.0,618.0,3.0,2.0,114.0,85.0,0.0,no
,house,sale,8692628271.0,608.0,4.0,6.0,180.0,365.0,2.0,
172370991082.0,house,sale,4400683273.0,618.0,5.0,4.0,241.0,238.0,0.0,no
41005814027.0,house,sale,480750827.0,618.0,3.0,2.0,45.0,38.0,2.0,yes
97534036253.0,house,sale,1020903465.0,618.0,3.0,3.0,76.0,87.0,0.0,no
144836253794.0,house,sale,1240196551.0,618.0,1.0,1.0,168.0,85.0,0.0,yes
148786817716.0,house,rent,30123983.0,618.0,5.0,5.0,150.0,174.0,0.0,no
169973769954.0,,sale,800168771.0,618.0,2.0,1.0,110.0,60.0,0.0,
28573814098.0,house,sale,2960461915.0,,4.0,3.0,110.0,129.0,0.0,no
69976903909.0,house,sale,1240765834.0,608.0,3.0,3.0,135.0,,1.0,no
172601273124.0,house,sale,6805787562.0,608.0,4.0,4.0,187.0,286.0,1.0,no
,house,rent,17843064.0,618.0,3.0,1.0,45.0,68.0,0.0,no
,house,rent,28758358.0,608.0,2.0,2.0,67.0,40.0,0.0,yes
133064450259.0,house,sale,1120236182.0,618.0,6.0,6.0,187.0,165.0,0.0,no
17735123463.0,,sale,,608.0,2.0,1.0,71.0,71.0,0.0,no
73760133268.0,apartment,rent,4360644.0,618.0,1.0,1.0,0.0,34.0,0.0,no
17567490808925.0,house,sale,544790501.0,618.0,3.0,2.0,59.0,42.0,1.0,no
110807531829.0,house,sale,2825886854.0,608.0,3.0,2.0,95.0,112.0,1.0,yes
84931056714.0,house,rent,30172059.0,618.0,5.0,5.0,170.0,174.0,0.0,no
116638766992.0,,sale,720125783.0,608.0,2.0,1.0,177.0,170.0,0.0,no
,house,sale,5680876270.0,618.0,5.0,3.0,336.0,225.0,1.0,yes
23224438808.0,house,sale,1680447778.0,608.0,2.0,2.0,101.0,62.0,0.0,no
94576193602.0,apartment,sale,320910262.0,618.0,2.0,2.0,0.0,38.0,0.0,yes
84856072193.0,house,sale,524293749.0,618.0,3.0,2.0,51.0,42.0,1.0,no
142033785887.0,house,rent,,618.0,5.0,,170.0,174.0,,no
2194243868873.0,house,sale,500903719.0,618.0,2.0,1.0,63.0,42.0,0.0,no
81368911874.0,house,sale,5576532515.0,608.0,4.0,4.0,174.0,187.0,1.0,no
82639916522.0,house,,4800849516.0,618.0,3.0,3.0,278.0,148.0,0.0,
47350648711.0,house,sale,4283795763.0,608.0,,5.0,101.0,176.0,0.0,no
171627149834.0,,sale,1040356450.0,618.0,,2.0,122.0,63.0,0.0,no
99579164634.0,apartment,sale,1746982823.0,618.0,2.0,2.0,0.0,8190.0,0.0,no
75446888026.0,house,sale,4075176631.0,608.0,4.0,4.0,135.0,,1.0,no
26619329835.0,house,sale,3920974030.0,618.0,3.0,2.0,337.0,,0.0,no
,house,sale,1100979088.0,618.0,4.0,2.0,107.0,90.0,0.0,no
62910693486.0,apartment,sale,1323087850.0,608.0,,2.0,0.0,89.0,0.0,no
92476466961.0,apartment,sale,448318921.0,,1.0,1.0,0.0,18.0,0.0,no
143474848251.0,house,rent,30289126.0,618.0,5.0,5.0,170.0,174.0,0.0,no
63118041736.0,house,sale,400462525.0,618.0,3.0,2.0,45.0,33.0,0.0,no
94619458458.0,house,sale,1858037938.0,618.0,4.0,3.0,109.0,80.0,0.0,no
144815494530.0,house,,2000733846.0,618.0,,2.0,,114.0,,no
139630700330.0,house,,3488190061.0,618.0,5.0,5.0,518.0,399.0,2.0,no
62025340450.0,house,sale,1600678763.0,608.0,3.0,3.0,96.0,74.0,0.0,no
113721028831.0,house,sale,1760210733.0,618.0,3.0,2.0,122.0,85.0,0.0,no
105131945198.0,house,rent,52239220.0,618.0,5.0,5.0,170.0,174.0,0.0,yes
97481738830.0,,sale,1760360375.0,618.0,4.0,3.0,136.0,170.0,1.0,yes
12115449037214.0,house,sale,1020335773.0,618.0,4.0,2.0,107.0,114.0,0.0,no
135332656149.0,apartment,rent,48718706.0,608.0,2.0,1.0,0.0,43.0,0.0,no
67883602807.0,apartment,sale,1941990833.0,,2.0,1.0,0.0,65.0,0.0,no
171694057348.0,house,sale,2800656034.0,608.0,3.0,3.0,90.0,122.0,0.0,no
68272106245.0,,sale,480736115.0,618.0,3.0,2.0,51.0,37.0,,yes
99725170169.0,apartment,sale,268198485.0,608.0,0.0,1.0,0.0,18.0,0.0,no
102844214160.0,house,sale,710778223.0,618.0,2.0,,37.0,42.0,1.0,no
106209410086.0,house,sale,1520710984.0,618.0,3.0,4.0,114.0,108.0,0.0,no
174750335892.0,house,sale,582575031.0,618.0,3.0,2.0,37.0,42.0,0.0,no
3361336484256.0,house,sale,467610033.0,608.0,2.0,,71.0,,1.0,no
29773289447.0,apartment,sale,2185367409.0,608.0,2.0,1.0,0.0,65.0,0.0,no
162686365545.0,house,sale,640260761.0,608.0,2.0,2.0,71.0,44.0,0.0,no
114938975898.0,house,sale,1920676731.0,608.0,3.0,2.0,95.0,,0.0,no
150733117474.0,house,sale,2120782122.0,618.0,3.0,,136.0,75.0,,no
115021280265.0,house,sale,5627341823.0,618.0,3.0,,229.0,191.0,1.0,no
14550335062967.0,house,sale,680664115.0,608.0,2.0,1.0,71.0,30.0,0.0,no
95149897121.0,house,sale,4720676111.0,618.0,4.0,3.0,255.0,209.0,2.0,no
12048087175960.0,house,sale,680798005.0,618.0,2.0,1.0,54.0,31.0,0.0,no
64843680398.0,,sale,479603687.0,608.0,3.0,2.0,54.0,39.0,0.0,no
90948400789.0,,sale,1200106974.0,618.0,2.0,2.0,84.0,67.0,0.0,no
102152328216.0,house,sale,513206528.0,608.0,3.0,,45.0,45.0,0.0,yes
2378777602035.0,house,sale,2400948828.0,608.0,3.0,3.0,136.0,195.0,0.0,yes
127141397545.0,house,sale,2079065758.0,608.0,3.0,3.0,110.0,119.0,0.0,yes
139770543938.0,house,sale,524568099.0,618.0,3.0,2.0,45.0,42.0,1.0,no
90174761157.0,house,sale,,618.0,2.0,2.0,,38.0,0.0,no
89137391815.0,house,sale,2000371809.0,618.0,3.0,2.0,,150.0,0.0,yes
165983820700.0,house,sale,1600565268.0,618.0,3.0,3.0,90.0,112.0,0.0,no
70086520805.0,house,sale,303309499.0,618.0,2.0,1.0,,30.0,1.0,no
5218818915362.0,house,sale,1080718355.0,618.0,3.0,1.0,67.0,57.0,0.0,
,house,sale,1020024856.0,,3.0,2.0,61.0,66.0,0.0,
8796994730810.0,apartment,sale,288459678.0,618.0,1.0,,0.0,19.0,0.0,no
149459635206.0,house,sale,1600108400.0,,,2.0,89.0,90.0,0.0,no
123148653140.0,house,sale,480722298.0,618.0,3.0,2.0,45.0,42.0,0.0,yes
53439480688.0,house,sale,560481793.0,618.0,2.0,2.0,51.0,48.0,0.0,no
19190334286.0,house,sale,854887624.0,608.0,2.0,2.0,51.0,49.0,0.0,no
105552903076.0,house,,680342677.0,618.0,2.0,1.0,61.0,27.0,0.0,no
37415371683.0,,sale,1327784952.0,608.0,,2.0,0.0,63.0,0.0,no
84960911550.0,house,rent,30865631.0,618.0,5.0,5.0,150.0,,0.0,no
165123487466.0,house,sale,1920483381.0,618.0,4.0,3.0,180.0,135.0,1.0,no
120129634507.0,house,sale,800835996.0,618.0,,2.0,51.0,61.0,0.0,yes
95548522225.0,house,rent,52542998.0,618.0,5.0,5.0,150.0,174.0,0.0,yes
71304124289.0,apartment,sale,1100881477.0,608.0,1.0,1.0,0.0,32.0,0.0,no
137978261146.0,apartment,rent,24930260.0,618.0,1.0,1.0,0.0,33.0,0.0,no
137639727860.0,house,sale,822080699.0,608.0,2.0,2.0,30.0,45.0,,no
148607598970.0,house,sale,6000321407.0,618.0,4.0,4.0,414.0,202.0,0.0,no
165182624076.0,house,sale,476615222.0,618.0,3.0,2.0,45.0,42.0,0.0,no
,house,sale,480391834.0,618.0,3.0,2.0,45.0,42.0,,no
56710427245.0,house,sale,4520904867.0,608.0,4.0,5.0,135.0,148.0,0.0,no
96670150440.0,house,sale,,618.0,3.0,2.0,130.0,135.0,1.0,no
156293473535.0,house,sale,799395368.0,618.0,3.0,2.0,51.0,45.0,0.0,
,house,sale,1920256025.0,618.0,3.0,2.0,198.0,93.0,0.0,no
136209345862.0,apartment,sale,681542801.0,618.0,1.0,1.0,0.0,27.0,0.0,no
88968950321.0,house,,1320744804.0,618.0,3.0,3.0,84.0,75.0,0.0,no
174590403232.0,house,sale,2400341706.0,618.0,3.0,1.0,,255.0,1.0,no
99647434526.0,house,,480775595.0,618.0,3.0,2.0,51.0,37.0,0.0,
173122376735.0,house,sale,8000742077.0,608.0,3.0,3.0,225.0,212.0,0.0,no
15647448937082.0,house,sale,480035162.0,618.0,3.0,2.0,51.0,37.0,2.0,yes
143435106920.0,house,sale,476731982.0,618.0,3.0,2.0,45.0,37.0,0.0,no
100469002534.0,,sale,1030593747.0,618.0,2.0,1.0,0.0,45.0,0.0,
162287398114.0,house,rent,56653934.0,,5.0,5.0,170.0,170.0,0.0,yes
85542031342.0,house,sale,476526522.0,,3.0,2.0,45.0,42.0,0.0,no
151025723685.0,house,,1644262.0,608.0,3.0,3.0,95.0,106.0,0.0,
